시도,연,월,평균기온,일조시간,강수량,H_est_MJm2,H_est_kWhm2
강원,2020,1,0.506221198156682,159.44285714285712,-107.52142857142857,323.07865646558037,89.74407124043898
강원,2020,2,1.4852216748768472,179.53571428571428,-103.29285714285713,415.9977553043915,115.55493202899764
강원,2020,3,6.523041474654378,241.85,-139.80714285714285,701.7320217287827,194.92556159132852
강원,2020,4,9.640952380952381,250.75714285714284,-146.66428571428574,859.3542145327614,238.70950403687814
강원,2020,5,16.74516129032258,211.27857142857144,-21.292857142857144,740.7281418821086,205.7578171894746
강원,2020,6,22.417142857142856,224.92142857142858,-40.221428571428575,838.0061960540446,232.77949890390127
강원,2020,7,21.77327188940092,143.59285714285713,170.06428571428572,415.9398674899401,115.53885208053893
강원,2020,8,25.05990783410138,114.04285714285713,434.17857142857144,80.73064559554109,22.42517933209475
강원,2020,9,18.669999999999998,151.6142857142857,176.07142857142858,325.04592511781954,90.29053475494986
강원,2020,10,11.863594470046083,208.84285714285716,-237.79285714285714,664.6595374319444,184.6276492866512
강원,2020,11,6.990952380952381,180.70714285714286,-168.93571428571428,417.36507403335906,115.93474278704416
강원,2020,12,-1.5493087557603686,194.10714285714286,-224.80714285714285,388.4559373022961,107.90442702841558
강원,2021,1,-3.455299539170507,181.15714285714284,-158.85,361.00562276397005,100.27933965665834
강원,2021,2,1.7520408163265306,197.19285714285712,-189.17857142857142,492.035905843006,136.67664051194612
강원,2021,3,7.300921658986176,205.15714285714284,-92.94285714285715,594.9440822868966,165.26224507969349
강원,2021,4,11.93142857142857,221.56428571428572,-72.8,722.6326638233089,200.7312955064747
강원,2021,5,15.504147465437788,201.17142857142858,28.928571428571427,646.327332356477,179.53537009902135
강원,2021,6,20.568809523809524,184.28571428571428,-31.235714285714288,737.107895466571,204.7521931851586
강원,2021,7,25.29953917050691,236.14285714285714,-27.62857142857143,861.0177149562176,239.1715874878382
강원,2021,8,23.440552995391705,121.45,150.72857142857143,398.32963468742395,110.64712074650664
강원,2021,9,19.90142857142857,163.10714285714286,-3.557142857142854,527.6670463741015,146.57417954836154
강원,2021,10,13.585253456221198,157.35714285714286,-58.09285714285714,442.01133259393237,122.78092572053676
강원,2021,11,6.903333333333334,171.94285714285712,-157.59285714285716,402.194545023525,111.72070695097916
강원,2021,12,0.04009216589861743,178.79285714285714,-180.6357142857143,353.3048514995862,98.14023652766284
강원,2022,1,-2.9410138248847923,202.59285714285716,-189.55714285714288,404.1298918880993,112.2583033022498
강원,2022,2,-1.8974489795918366,216.96428571428572,-197.04999999999998,507.78492003397923,141.05136667610535
강원,2022,3,6.2382488479262665,187.69285714285712,-79.11428571428571,548.8398708524401,152.45551968123337
강원,2022,4,13.212619047619047,252.25,-165.22857142857143,911.2992926487275,253.13869240242428
강원,2022,5,17.27557603686636,284.3642857142857,-184.18571428571428,1140.8525336610503,316.90348157251395
강원,2022,6,21.276666666666667,164.2357142857143,137.79285714285714,480.9092568825386,133.58590468959406
강원,2022,7,24.79331797235023,161.53571428571428,119.85714285714286,515.4432033888061,143.1786676080017
강원,2022,8,23.733179723502303,124.05714285714285,327.89285714285717,196.10216664436774,54.47282406787993
강원,2022,9,19.36285714285714,184.45000000000002,14.064285714285715,532.4584799857901,147.90513332938613
강원,2022,10,12.258986175115208,158.93571428571428,-4.421428571428569,398.8814049548796,110.80039026524432
강원,2022,11,8.212380952380952,174.37857142857143,-128.35,390.6650793187997,108.51807758855547
강원,2022,12,-3.597926267281106,172.82142857142858,-213.25,352.3392289492698,97.87200804146381
강원,2023,1,-2.6827188940092164,172.42857142857142,-141.71428571428572,344.36121490476614,95.6558930291017
강원,2023,2,0.9415816326530612,178.37142857142857,-189.72857142857143,461.50014876488586,128.19448576802384
강원,2023,3,8.257603686635944,229.17142857142858,-220.23571428571427,774.0575202949092,215.01597785969696
강원,2023,4,11.905,196.9,-100.64285714285714,713.535043188141,198.2041786633725
강원,2023,5,17.19815668202765,234.89285714285714,-68.0,853.5548594674735,237.09857207429818
강원,2023,6,20.746904761904762,218.87857142857143,51.99285714285714,676.6899645169204,187.96943458803344
강원,2023,7,24.874884792626727,162.97857142857143,164.18571428571428,462.95575501703195,128.59882083806443
강원,2023,8,24.99792626728111,154.68571428571428,194.49285714285716,398.15375241078266,110.59826455855072
강원,2023,9,20.74047619047619,155.20714285714286,36.73571428571428,476.03600878027765,132.23222466118824
강원,2023,10,13.180645161290323,192.27142857142857,-180.65714285714284,597.2586680726782,165.90518557574396
강원,2023,11,6.313095238095238,177.93571428571428,-112.68571428571428,379.7913263557295,105.4975906543693
강원,2023,12,-0.7115207373271889,149.8857142857143,-46.371428571428574,254.66699092611262,70.74083081280905
강원,2024,1,-1.5769585253456222,163.20714285714286,-190.34285714285716,363.88043709991643,101.07789919442122
강원,2024,2,1.4433497536945814,78.74285714285715,-38.55714285714286,263.44686906130244,73.17968585036178
강원,2024,3,5.108064516129033,176.00714285714284,-118.31428571428572,567.2050615633553,157.55696154537648
강원,2024,4,13.270714285714286,201.04285714285714,-166.72142857142856,813.264043445338,225.9066787348161
강원,2024,5,17.016129032258068,255.18571428571428,-96.63571428571427,937.2760431827774,260.35445643966034
강원,2024,6,22.315238095238097,240.32142857142858,-55.65714285714286,899.6679060864948,249.907751690693
강원,2024,7,25.621889400921656,117.09285714285714,254.17142857142858,302.77171554762384,84.1032543187844
강원,2024,8,26.686175115207373,223.69285714285712,-64.8,845.0870281044432,234.74639669567864
강원,2024,9,22.354761904761904,133.6642857142857,168.80714285714288,327.40235204741754,90.9450977909493
강원,2024,10,14.321889400921659,124.70714285714287,-38.128571428571426,388.3035250342801,107.86209028730002
강원,2024,11,8.160714285714286,123.52857142857144,-134.97142857142856,330.3508805350699,91.76413348196387
강원,2024,12,-1.0506912442396312,162.46428571428572,-213.20714285714286,347.8498941362266,96.62497059339627
경기,2020,1,0.5909677419354838,171.82,-140.32,361.04072303941956,100.2890897331721
경기,2020,2,1.689655172413793,175.4,-110.02000000000001,421.82551867254415,117.17375518681783
경기,2020,3,6.907741935483871,248.14000000000001,-196.72,785.7125691345116,218.2534914262532
경기,2020,4,10.336,282.62,-196.3,1002.2240382737771,278.3955661871603
경기,2020,5,17.343225806451613,192.26,-7.780000000000001,695.2545390760863,193.12626085446843
경기,2020,6,22.95733333333333,220.01999999999998,-35.54,826.9135250221254,229.6982013950348
경기,2020,7,23.213548387096772,142.32,198.76,386.8352639843596,107.45423999565544
경기,2020,8,25.778709677419357,99.02000000000001,585.3,-91.74113945606238,-25.483649848906218
경기,2020,9,19.94533333333333,181.54000000000002,7.560000000000002,542.2842852912476,150.6345236920132
경기,2020,10,12.383225806451613,224.48000000000002,-240.42,706.1457844541255,196.15160679281263
경기,2020,11,6.627333333333333,172.78,-125.1,385.13313451954144,106.98142625542819
경기,2020,12,-1.7509677419354837,197.22,-206.44,388.2335324851224,107.84264791253399
경기,2021,1,-3.676774193548387,187.56,-157.94,372.6241140181145,103.50669833836511
경기,2021,2,1.6178571428571427,193.24,-185.28,489.6662627612442,136.0184063225678
경기,2021,3,7.896129032258065,220.94,-88.16,623.1806856808988,173.10574602247192
경기,2021,4,13.163333333333332,222.9,-65.08000000000001,726.3919439567212,201.7755399879781
경기,2021,5,16.06,199.92000000000002,70.5,590.27613356091,163.96559265580836
경기,2021,6,21.856,199.34,-55.739999999999995,809.9355173524748,224.9820881534652
경기,2021,7,26.639354838709675,233.58,-36.76,882.2208316497059,245.0613421249183
경기,2021,8,24.655483870967743,145.78,55.42,539.6895567302852,149.91376575841258
경기,2021,9,21.23,182.42000000000002,-32.36,600.2445455976604,166.7345959993501
경기,2021,10,14.16258064516129,176.54000000000002,-94.44,509.61405040472584,141.55945844575717
경기,2021,11,6.704666666666666,162.35999999999999,-109.84,365.98714569748506,101.66309602707918
경기,2021,12,-0.5587096774193548,177.7,-175.64000000000001,354.87366787997985,98.57601885554996
경기,2022,1,-3.371612903225807,206.35999999999999,-181.82,408.64997273555355,113.51388131543153
경기,2022,2,-1.9935714285714283,211.88000000000002,-185.66,498.1433126390719,138.37314239974216
경기,2022,3,6.630322580645161,179.78,-85.76,550.9133002500511,153.03147229168084
경기,2022,4,13.445333333333332,254.95999999999998,-168.07999999999998,927.9010383036357,257.7502884176766
경기,2022,5,17.647096774193546,293.12,-191.8,1181.3993503814156,328.16648621705986
경기,2022,6,22.217333333333336,152.38,300.86,256.15925047078554,71.15534735299597
경기,2022,7,25.274838709677418,172.56,171.48,461.5558452611869,128.20995701699638
경기,2022,8,24.708387096774192,132.76,527.6,-24.63964278897896,-6.844345219160823
경기,2022,9,18.91,199.42000000000002,-12.160000000000002,589.2127707957168,163.67021410992132
경기,2022,10,12.88,201.96,-95.6,541.738700204971,150.4829722791586
경기,2022,11,8.17,175.04000000000002,-113.85999999999999,389.0158541846211,108.05995949572807
경기,2022,12,-4.603225806451613,189.38,-172.28000000000003,350.6014948465207,97.38930412403353
경기,2023,1,-3.105161290322581,185.42000000000002,-141.6,363.1457451816938,100.87381810602605
경기,2023,2,0.9878571428571428,188.32,-224.28000000000003,506.5659835364271,140.71277320456312
경기,2023,3,8.375483870967741,237.61999999999998,-227.92,806.7569321940355,224.0991478316765
경기,2023,4,12.048666666666666,185.54000000000002,-72.3,663.4039029992475,184.27886194423542
경기,2023,5,18.111612903225808,230.48000000000002,-41.040000000000006,813.903285508756,226.08424597465446
경기,2023,6,22.37933333333333,199.0,35.4,680.9339971977604,189.14833255493343
경기,2023,7,25.62516129032258,152.35999999999999,360.52,188.70152262733376,52.41708961870381
경기,2023,8,26.01741935483871,171.88,91.0,540.4046513507099,150.11240315297496
경기,2023,9,22.182666666666666,157.35999999999999,-61.94000000000001,592.8192829290479,164.67202303584662
경기,2023,10,13.636774193548387,192.62,-175.12,603.4640202950311,167.62889452639754
경기,2023,11,5.867333333333333,163.8,-84.02000000000001,349.63300572364136,97.12027936767815
경기,2023,12,-0.06193548387096779,139.57999999999998,-78.32000000000001,269.61780561335047,74.89383489259735
경기,2024,1,-1.5780645161290323,161.35999999999999,-178.32,362.0280469057076,100.56334636269655
경기,2024,2,2.7993103448275862,111.78,-82.3,328.87301653847925,91.35361570513312
경기,2024,3,4.646451612903226,201.22,-154.56,643.3186164740193,178.69961568722758
경기,2024,4,15.093333333333334,206.6,-164.74,839.1277661717102,233.09104615880838
경기,2024,5,17.358064516129033,244.94,-89.62,911.6145088355697,253.2262524543249
경기,2024,6,22.984,271.26,-59.9,966.9526513816393,268.597958717122
경기,2024,7,24.16516129032258,96.58,466.9,35.61429494272172,9.892859706311588
경기,2024,8,27.84580645161291,208.0,-21.08,762.572479473987,211.82568874277413
경기,2024,9,23.956666666666667,168.34,40.959999999999994,503.9732432209031,139.99256756136197
경기,2024,10,14.872258064516128,150.9,-95.5,473.4705798776313,131.51960552156422
경기,2024,11,8.106,166.92000000000002,-124.46,383.1657132546587,106.43492034851631
경기,2024,12,-0.9283870967741936,186.74,-208.51999999999998,380.42706118219144,105.67418366171985
경남,2020,1,3.979032258064516,140.17142857142858,-94.07857142857142,330.56931393588815,91.82480942663558
경남,2020,2,4.1258620689655165,196.97857142857143,-118.97142857142856,487.10194540086064,135.3060959446835
경남,2020,3,9.215437788018432,235.24285714285716,-170.9857142857143,770.2980633128682,213.9716842535745
경남,2020,4,10.75952380952381,260.17857142857144,-142.30714285714285,898.4620318463287,249.5727866239802
경남,2020,5,18.323963133640554,216.47857142857143,-106.51428571428572,893.1288576080533,248.09134933557036
경남,2020,6,23.156190476190478,217.02857142857144,91.06428571428572,629.7024622010971,174.91735061141588
경남,2020,7,22.738709677419358,84.95,483.84285714285716,17.668509104156968,4.907919195599157
경남,2020,8,26.71751152073733,176.06428571428572,206.30714285714288,404.3093139356314,112.3081427598976
경남,2020,9,20.835238095238093,143.4,146.4857142857143,358.8443328561635,99.6789813489343
경남,2020,10,15.065207373271889,219.94285714285712,-219.9,721.4340156026745,200.39833766740958
경남,2020,11,9.852380952380953,181.42857142857142,-163.33571428571426,456.61632135101434,126.83786704194843
경남,2020,12,1.5880184331797236,197.1357142857143,-235.92857142857142,446.0310606897804,123.89751685827233
경남,2021,1,1.1868663594470046,185.45714285714286,-189.32142857142858,432.4351247561787,120.12086798782742
경남,2021,2,5.227551020408163,188.95714285714286,-153.82857142857142,498.56205436747933,138.48945954652203
경남,2021,3,10.259216589861751,211.72142857142856,-45.542857142857144,592.3673878096532,164.54649661379253
경남,2021,4,13.545,236.99285714285716,-123.72142857142856,844.395982985402,234.55443971816723
경남,2021,5,17.50483870967742,202.90714285714284,-6.807142857142855,716.0138807832557,198.89274466201547
경남,2021,6,22.002142857142854,189.69285714285712,-26.24285714285714,751.4498584683103,208.73607179675284
경남,2021,7,26.325806451612902,189.19285714285712,215.22142857142856,420.21168800993576,116.72546889164882
경남,2021,8,25.586635944700465,154.43571428571428,260.9428571428571,299.37338068376783,83.15927241215773
경남,2021,9,22.075238095238095,107.66428571428571,5.507142857142857,454.74189503989936,126.31719306663872
경남,2021,10,16.15668202764977,198.92142857142858,-180.65,656.7068658771744,182.4185738547707
경남,2021,11,9.439285714285715,183.58571428571426,-155.54999999999998,455.7907646068494,126.60854572412484
경남,2021,12,3.277880184331797,199.12142857142857,-249.51428571428573,465.2423587850462,129.23398855140172
경남,2022,1,1.3663594470046083,209.77857142857144,-258.4,510.40551903307403,141.77931084252057
경남,2022,2,1.980357142857143,221.97857142857143,-232.56428571428572,594.0093964870849,165.00261013530138
경남,2022,3,9.36336405529954,191.39285714285714,-83.49285714285715,597.0951652539095,165.85976812608598
경남,2022,4,14.666428571428572,232.52857142857144,-113.37142857142858,830.7367692414518,230.7602136781811
경남,2022,5,18.83824884792627,287.45,-223.17857142857142,1243.6867828870397,345.4685508019555
경남,2022,6,22.407619047619047,175.71428571428572,-2.557142857142861,696.6586886795104,193.51630241097513
경남,2022,7,26.642857142857142,178.08571428571426,20.0,692.6162639288567,192.39340664690462
경남,2022,8,26.175576036866357,145.1142857142857,45.107142857142854,564.6360688087406,156.8433524468724
경남,2022,9,21.83809523809524,146.84285714285716,20.05714285714286,499.758534812352,138.82181522565332
경남,2022,10,14.876543778801844,219.77857142857144,-198.82857142857142,704.2280769047939,195.61891025133164
경남,2022,11,11.002142857142857,192.82142857142858,-146.69285714285712,468.2504118253356,130.069558840371
경남,2022,12,0.8370967741935483,196.82857142857142,-223.17857142857142,435.35061935802486,120.93072759945134
경남,2023,1,1.2211981566820274,204.75714285714284,-159.59285714285716,436.96391841851727,121.37886622736592
경남,2023,2,4.424234693877551,174.3642857142857,-150.35,470.74331988599437,130.7620333016651
경남,2023,3,9.950831138907176,210.66428571428574,-159.29285714285714,713.6937473906567,198.2482631640713
경남,2023,4,14.046428571428573,200.15714285714284,-73.02857142857142,712.3979199267072,197.888311090752
경남,2023,5,17.85322580645161,187.20714285714286,121.83571428571427,515.96104008791,143.32251113553056
경남,2023,6,22.87238095238095,196.04999999999998,78.96428571428571,614.8821215528499,170.80058932023607
경남,2023,7,25.511290322580646,118.27857142857144,395.0285714285714,129.71407376057405,36.031687155715005
경남,2023,8,26.809447004608295,200.97857142857143,279.5285714285714,318.42444664151344,88.45123517819817
경남,2023,9,23.310714285714287,150.79285714285714,89.20714285714287,437.1870123246166,121.44083675683794
경남,2023,10,15.56152073732719,220.70714285714286,-222.16428571428574,733.6733253623223,203.79814593397842
경남,2023,11,9.585952380952381,191.5,-133.84285714285713,451.45486507534,125.40412918759444
경남,2023,12,3.911290322580645,169.04285714285714,-109.90714285714286,348.3353825388708,96.75982848301967
경남,2024,1,2.800921658986175,186.17857142857142,-152.32142857142858,416.1344240427448,115.59289556742911
경남,2024,2,5.707635467980296,113.47857142857143,8.235714285714284,299.78215026261535,83.27281951739316
경남,2024,3,8.428801843317972,201.10714285714286,-57.271428571428565,583.3122476358467,162.03117989884632
경남,2024,4,15.240238095238096,163.35714285714286,-47.65714285714286,628.6278033140809,174.61883425391133
경남,2024,5,18.62557603686636,264.05,-19.692857142857147,851.2841083414406,236.4678078726224
경남,2024,6,22.76452380952381,203.15714285714284,-0.764285714285715,745.8171309551037,207.1714252653066
경남,2024,7,26.80921658986175,143.47142857142856,188.33571428571426,415.3965352952262,115.38792647089618
경남,2024,8,27.703686635944702,248.6,-87.24285714285715,952.3958135041202,264.55439264003337
경남,2024,9,25.82904761904762,174.04285714285714,134.81428571428572,419.69743507206886,116.58262085335245
경남,2024,10,17.2815668202765,141.77142857142857,11.828571428571433,398.4271246497751,110.67420129160419
경남,2024,11,10.81047619047619,157.9,-105.87142857142858,390.88437863146436,108.57899406429566
경남,2024,12,3.6732718894009215,204.02142857142857,-246.57857142857142,471.7267603472,131.03521120755553
경북,2020,1,2.7760368663594472,143.12857142857143,-83.15714285714286,318.7442055009489,88.54005708359693
경북,2020,2,3.509113300492611,186.05714285714288,-102.3,452.0893876563024,125.580385460084
경북,2020,3,7.664516129032258,231.09285714285716,-187.07142857142858,763.235967320219,212.00999092228304
경북,2020,4,11.002619047619048,260.5857142857143,-164.7357142857143,926.8974472309939,257.4715131197205
경북,2020,5,17.572119815668206,234.07142857142858,-102.63571428571429,917.6936457429056,254.9149015952515
경북,2020,6,22.64309523809524,229.67142857142858,-19.935714285714283,821.2850987583989,228.13474965511082
경북,2020,7,21.527188940092167,104.31428571428572,324.2714285714286,197.47465750825873,54.85407153007186
경북,2020,8,26.00552995391705,162.49285714285716,154.22857142857143,457.92872366120747,127.20242323922427
경북,2020,9,19.58642857142857,147.45000000000002,42.49285714285715,459.2728631808385,127.5757953280107
경북,2020,10,13.513133640552995,204.87142857142857,-221.32142857142858,678.1302899039254,188.36952497331256
경북,2020,11,7.853571428571429,172.57142857142858,-171.16428571428574,434.57045386943986,120.7140149637333
경북,2020,12,-0.1599078341013826,190.42857142857142,-232.65,420.92277089417956,116.92299191504989
경북,2021,1,-1.1672811059907833,182.17857142857142,-164.8642857142857,397.6173969562101,110.44927693228057
경북,2021,2,3.3653061224489798,196.97857142857143,-174.24285714285716,510.993484132555,141.9426344812653
경북,2021,3,8.532949308755759,192.0,-104.53571428571429,608.5987768076826,169.0552157799118
경북,2021,4,12.011904761904761,224.18571428571428,-107.97142857142858,785.5173228182218,218.19925633839495
경북,2021,5,16.175806451612903,197.69285714285712,11.907142857142857,673.1241662308208,186.9789350641169
경북,2021,6,21.15047619047619,186.1142857142857,-78.47857142857143,814.180237387084,226.16117705196777
경북,2021,7,25.282718894009214,211.92857142857142,33.52142857142857,724.1946466857211,201.1651796349225
경북,2021,8,24.06036866359447,123.14999999999999,215.46428571428572,321.53782139933884,89.31606149981634
경북,2021,9,20.449285714285715,131.95,29.664285714285715,457.15431057455675,126.98730849293243
경북,2021,10,14.608986175115207,171.17142857142858,-95.0,516.5413335252903,143.48370375702504
경북,2021,11,8.141904761904762,183.97142857142856,-163.32142857142858,448.72576523523685,124.6460458986769
경북,2021,12,1.9988479262672811,186.00714285714284,-208.92857142857142,412.5011922142276,114.58366450395211
경북,2022,1,-0.4764976958525345,205.33571428571426,-226.04285714285714,467.4621368305913,129.85059356405313
경북,2022,2,0.1255102040816327,216.28571428571428,-193.52142857142857,539.3558447862483,149.8210679961801
경북,2022,3,7.685023041474655,191.53571428571428,-110.38571428571429,610.1378306308873,169.48273073080205
경북,2022,4,13.883095238095239,250.16428571428574,-168.27857142857144,930.8526995898914,258.5701943305254
경북,2022,5,18.16382488479263,303.1928571428571,-218.59285714285716,1264.3301290527327,351.20281362575906
경북,2022,6,22.297619047619047,193.47142857142856,-54.17142857142857,803.6819894290692,223.2449970636303
경북,2022,7,25.578801843317972,160.00714285714284,12.47857142857143,666.967915225634,185.26886534045389
경북,2022,8,25.00069124423963,134.81428571428572,123.28571428571429,452.03025504763417,125.56395973545395
경북,2022,9,20.22357142857143,150.52142857142857,-53.357142857142854,570.9528796314037,158.59802211983438
경북,2022,10,13.368433179723501,179.7642857142857,-111.87142857142858,541.6750169954793,150.46528249874424
경북,2022,11,9.434285714285712,187.60714285714286,-135.37142857142857,438.1704305857776,121.71400849604933
경북,2022,12,-1.022811059907834,179.91428571428574,-195.95714285714286,386.06870690816334,107.24130747448983
경북,2023,1,-0.40046082949308753,196.1,-167.4857142857143,419.56973790254335,116.54714941737315
경북,2023,2,2.8497448979591837,169.6,-171.9,466.07461032635484,129.46516953509857
경북,2023,3,9.731336405529955,230.46428571428572,-200.70000000000002,787.2465496751392,218.67959713198312
경북,2023,4,12.991139455782314,208.69285714285712,-129.29285714285714,789.2834513398539,219.2454031499594
경북,2023,5,17.687557603686635,221.5142857142857,-31.25,784.4674434682958,217.9076231856377
경북,2023,6,22.305952380952384,221.49285714285716,58.00714285714285,685.1813946003858,190.3281651667738
경북,2023,7,24.665437788018433,147.42142857142858,276.95,298.17778480988403,82.82716244719002
경북,2023,8,26.212442396313367,186.83571428571426,139.24285714285713,499.0904540685178,138.63623724125492
경북,2023,9,22.147380952380953,149.47857142857143,80.26428571428572,437.14264756776214,121.42851321326725
경북,2023,10,14.297465437788018,214.31428571428572,-202.59285714285716,686.2010192479287,190.61139423553576
경북,2023,11,7.924761904761906,191.02857142857144,-140.24285714285716,442.5089656245127,122.91915711792021
경북,2023,12,1.9714285714285713,163.50714285714284,-73.58571428571429,309.389197511874,85.94144375329833
경북,2024,1,0.9923963133640553,175.62857142857143,-163.17857142857142,396.73327706898596,110.20368807471831
경북,2024,2,3.883743842364532,97.35000000000001,-38.74285714285714,298.7913853947999,82.99760705411107
경북,2024,3,6.879723502304147,196.43571428571428,-104.45,610.714838327521,169.6430106465336
경북,2024,4,14.72595238095238,193.2642857142857,-126.27142857142857,768.9649380990728,213.60137169418684
경북,2024,5,17.514746543778802,269.09285714285716,-95.05714285714285,973.9246671645461,270.53462976792946
경북,2024,6,22.405714285714286,245.87142857142857,-90.51428571428572,963.5565464557379,267.654596237705
경북,2024,7,25.729262672811057,152.37142857142857,201.74285714285716,407.11122909273064,113.0864525257585
경북,2024,8,27.23456221198157,238.96428571428572,-118.10714285714286,973.7780096510141,270.49389156972615
경북,2024,9,23.703809523809525,155.85,82.32857142857142,448.91188140642225,124.69774483511729
경북,2024,10,15.596543778801843,129.39285714285714,-52.01428571428572,421.69841880104815,117.13844966695781
경북,2024,11,9.577619047619049,140.3857142857143,-117.35714285714286,366.4543530761267,101.79287585447966
경북,2024,12,2.129032258064516,198.27857142857144,-207.8642857142857,426.8889602022903,118.5802667228584
광주,2020,1,4.554838709677419,136.5,-123.1,347.15860106228126,96.43294473952257
광주,2020,2,5.310344827586207,177.0,-69.2,429.1981300502344,119.22170279173177
광주,2020,3,8.993548387096775,242.0,-172.5,784.9161218928228,218.03225608133968
광주,2020,4,11.486666666666668,278.1,-142.7,940.8513523973633,261.34759788815643
광주,2020,5,18.825806451612905,211.3,-56.2,813.1387048670127,225.87186246305907
광주,2020,6,23.55,191.4,82.89999999999999,607.1248100473871,168.64578056871864
광주,2020,7,23.361290322580647,69.5,443.3,57.997515968638695,16.110421102399638
광주,2020,8,27.606451612903225,169.8,612.1,-150.20097933989962,-41.72249426108323
광주,2020,9,21.290000000000003,158.7,43.300000000000004,487.86877199890154,135.5191033330282
광주,2020,10,15.651612903225805,227.6,-239.9,762.8215132025261,211.89486477847947
광주,2020,11,10.54,176.7,-151.7,447.3739215814105,124.27053377261403
광주,2020,12,2.658064516129032,186.5,-170.3,400.1356332747932,111.14878702077588
광주,2021,1,1.4387096774193548,164.3,-84.0,345.9061274589421,96.08503540526169
광주,2021,2,5.142857142857143,175.3,-121.9,456.5127452098449,126.80909589162358
광주,2021,3,10.635483870967741,220.5,-75.6,643.6668310076975,178.79634194658263
광주,2021,4,14.896666666666667,230.4,-154.8,885.0867808737235,245.85743913158984
광주,2021,5,18.38064516129032,212.8,4.400000000000002,723.3399991578656,200.92777754385153
광주,2021,6,23.290000000000003,191.6,-7.900000000000004,738.03016117056,205.0083781029333
광주,2021,7,27.041935483870965,182.3,74.6,624.4326312118425,173.45350866995625
광주,2021,8,25.82903225806452,132.7,257.7,289.3736895713606,80.38158043648906
광주,2021,9,22.86,115.8,32.1,445.073584621842,123.63155128384498
광주,2021,10,17.18064516129032,211.5,-180.7,687.064498537026,190.85124959361832
광주,2021,11,10.213333333333333,176.5,-94.19999999999999,408.9029971599624,113.58416587776733
광주,2021,12,4.058064516129032,174.2,-172.9,392.5999077600812,109.05552993335588
광주,2022,1,1.558064516129032,175.8,-197.7,428.69459314872586,119.08183143020162
광주,2022,2,1.7857142857142858,198.6,-123.3,474.6549278940017,131.84859108166714
광주,2022,3,9.55483870967742,169.3,-92.8,573.0293635910737,159.17482321974268
광주,2022,4,15.453333333333335,256.9,-166.6,961.9921924581465,267.22005346059626
광주,2022,5,19.345161290322583,297.9,-242.6,1310.1653115870972,363.93480877419364
광주,2022,6,23.826666666666664,166.0,14.700000000000001,663.6592961930774,184.34980449807705
광주,2022,7,27.04516129032258,181.3,43.0,669.1612162682558,185.87811563007105
광주,2022,8,26.864516129032257,120.3,-28.599999999999998,613.1796907452213,170.32769187367256
광주,2022,9,23.053333333333335,175.9,-99.8,686.4425024048667,190.67847289024073
광주,2022,10,16.02258064516129,225.3,-177.7,701.6843358953095,194.91231552647486
광주,2022,11,11.803333333333335,200.4,-133.3,474.28196028639945,131.7449889684443
광주,2022,12,1.1258064516129032,167.5,-122.4,345.6070438233386,96.00195661759405
광주,2023,1,1.729032258064516,184.1,-144.2,406.4725728463103,112.90904801286396
광주,2023,2,4.203571428571428,184.0,-147.2,483.4319709913393,134.28665860870535
광주,2023,3,11.203225806451613,237.6,-199.2,819.2420337053605,227.56723158482237
광주,2023,4,14.666666666666666,196.0,-113.5,760.454084488308,211.23724569119668
광주,2023,5,19.425806451612903,194.5,28.1,665.0892563968216,184.74701566578378
광주,2023,6,23.423333333333336,210.0,297.2,308.35997694650985,85.65554915180829
광주,2023,7,26.26774193548387,119.2,603.6,-127.35702127805148,-35.3769503550143
광주,2023,8,27.345161290322583,212.9,224.2,412.3138663766196,114.531629549061
광주,2023,9,23.82,159.9,17.5,530.8556526424444,147.45990351179012
광주,2023,10,16.612903225806452,231.7,-177.5,716.4202768065081,199.00563244625226
광주,2023,11,9.856666666666666,136.0,-63.1,338.59812943522746,94.05503595422985
광주,2023,12,4.767741935483872,125.6,-36.800000000000004,268.04013052722263,74.4555918131174
광주,2024,1,3.035483870967742,159.3,-112.9,362.94238661152235,100.81732961431176
광주,2024,2,6.113793103448276,115.3,-5.699999999999991,312.95489461731245,86.93191517147568
광주,2024,3,8.225806451612904,186.0,-64.5,568.0355294085788,157.78764705793856
광주,2024,4,16.613333333333333,171.8,-100.4,712.39144719601,197.88651311000277
광주,2024,5,19.203225806451616,262.3,-69.0,934.2988189460216,259.5274497072282
광주,2024,6,23.753333333333334,219.2,-39.900000000000006,841.0113176680228,233.6142549077841
광주,2024,7,26.87741935483871,112.5,178.4,388.879006436336,108.02194623231556
광주,2024,8,28.45483870967742,247.0,24.1,773.9773078955099,214.99369663764162
광주,2024,9,26.276666666666664,187.1,19.39999999999999,579.0291697450142,160.8414360402817
광주,2024,10,17.693548387096776,156.1,-45.80000000000001,469.8926006646291,130.5257224068414
광주,2024,11,11.476666666666667,167.7,-95.5,400.9506863857876,111.37519066271878
광주,2024,12,3.774193548387097,149.4,-134.2,340.48529504796625,94.57924862443507
대구,2020,1,3.764516129032258,151.4,-109.6,346.9729840399334,96.38138445553706
대구,2020,2,4.906896551724138,205.4,-121.8,499.32290278440377,138.70080632900104
대구,2020,3,9.464516129032257,246.1,-209.5,831.6774961459352,231.0215267072042
대구,2020,4,12.573333333333332,273.7,-165.6,969.4820201311338,269.30056114753717
대구,2020,5,19.432258064516127,241.70000000000002,-159.9,1036.2145996049153,287.8373887791431
대구,2020,6,24.496666666666666,226.4,14.300000000000006,772.7542616292646,214.65396156368462
대구,2020,7,23.151612903225807,96.7,258.5,269.62435556789967,74.89565432441657
대구,2020,8,28.55483870967742,193.5,160.7,484.91025219776304,134.6972922771564
대구,2020,9,21.206666666666667,150.1,35.0,479.94544998380985,133.31818055105828
대구,2020,10,15.412903225806453,223.0,-238.9,741.3870139661982,205.94083721283283
대구,2020,11,9.729999999999999,198.5,-192.1,493.30348150573553,137.02874486270431
대구,2020,12,1.5516129032258066,214.3,-240.2,462.6296835231387,128.50824542309408
대구,2021,1,0.46774193548387094,203.1,-177.1,436.53916847365434,121.26088013157064
대구,2021,2,4.825,207.8,-160.8,523.8818329740405,145.52273138167791
대구,2021,3,10.238709677419354,204.0,-120.8,656.9387897619789,182.48299715610526
대구,2021,4,14.516666666666667,247.0,-164.0,924.5339546989528,256.8149874163758
대구,2021,5,18.293548387096774,209.9,-44.1,786.2498142091354,218.40272616920427
대구,2021,6,23.19333333333333,185.4,-70.9,815.4065151546428,226.50180976517854
대구,2021,7,26.94193548387097,216.1,27.300000000000004,750.4306116473357,208.45294767981545
대구,2021,8,25.706451612903226,130.7,202.3,351.74884566110677,97.70801268364076
대구,2021,9,22.076666666666664,128.4,-77.9,564.7265466841444,156.8684851900401
대구,2021,10,16.503225806451614,217.6,-149.2,653.1189359210076,181.42192664472432
대구,2021,11,9.496666666666666,208.6,-172.9,495.45413206676494,137.62614779632358
대구,2021,12,3.064516129032258,222.1,-242.9,481.7592179800743,133.8220049944651
대구,2022,1,0.9193548387096774,231.4,-234.0,513.1354515275378,142.53762542431608
대구,2022,2,1.6035714285714284,240.4,-215.9,600.3107560653821,166.75298779593945
대구,2022,3,9.719354838709679,206.4,-163.7,703.3689801303896,195.38027225844155
대구,2022,4,15.9,253.3,-168.5,955.5028858384258,265.4174682884516
대구,2022,5,20.693548387096776,313.3,-229.8,1337.515473570241,371.5320759917336
대구,2022,6,24.303333333333335,205.9,-80.2,878.8714809135004,244.13096692041677
대구,2022,7,27.490322580645163,180.5,-55.2,812.8688276540706,225.79689657057517
대구,2022,8,26.925806451612903,139.1,53.3,546.1994565494376,151.72207126373266
대구,2022,9,21.886666666666667,168.4,-56.800000000000004,613.0666072057724,170.2962797793812
대구,2022,10,15.548387096774194,233.8,-190.4,717.5904981237318,199.33069392325882
대구,2022,11,11.046666666666665,209.3,-160.5,494.16830315709217,137.26897309919227
대구,2022,12,0.3967741935483871,209.5,-212.4,434.73783026772367,120.76050840770101
대구,2023,1,0.8935483870967742,218.2,-186.5,463.32655269824653,128.70182019395736
대구,2023,2,4.432142857142857,183.4,-177.8,498.79070595748027,138.55297387707785
대구,2023,3,11.751612903225807,241.1,-206.7,830.8895894012898,230.8026637225805
대구,2023,4,14.843333333333334,224.8,-140.2,848.9317496846946,235.81437491241516
대구,2023,5,19.280645161290323,217.2,28.999999999999993,698.0728321269914,193.9091200352754
대구,2023,6,24.033333333333335,219.6,16.700000000000003,754.2268568563036,209.5074602378621
대구,2023,7,26.69677419354839,138.4,199.7,390.94804767695,108.59667991026389
대구,2023,8,27.461290322580645,189.4,159.8,478.547142241466,132.92976173374055
대구,2023,9,23.470000000000002,137.1,-20.4,528.7160887721179,146.8655802144772
대구,2023,10,15.896774193548387,235.6,-210.3,743.7926489088511,206.60906914134753
대구,2023,11,9.193333333333333,211.3,-148.4,479.666667330958,133.2407409252661
대구,2023,12,3.4612903225806453,189.8,-108.1,361.3952378287735,100.38756606354818
대구,2024,1,2.332258064516129,209.2,-158.6,439.9020291898469,122.1950081082908
대구,2024,2,5.403448275862068,110.2,-69.2,337.9818656447355,93.88385156798208
대구,2024,3,8.525806451612903,211.3,-73.1,612.0142141699915,170.0039483805532
대구,2024,4,16.253333333333334,184.8,-128.4,765.741093532734,212.70585931464834
대구,2024,5,19.383870967741935,281.2,-129.2,1072.8548494033923,298.01523594538673
대구,2024,6,24.6,233.7,-99.7,970.6802089468547,269.6333913741263
대구,2024,7,27.812903225806455,151.79999999999998,291.20000000000005,284.13624521578254,78.92673478216182
대구,2024,8,29.067741935483873,250.29999999999998,-52.699999999999996,905.8287981309894,251.6191105919415
대구,2024,9,25.44,163.9,-10.500000000000009,567.9489201506844,157.76358893074567
대구,2024,10,17.0258064516129,148.1,-67.1,467.13283934814734,129.75912204115204
대구,2024,11,10.65,172.8,-129.6,419.21006877993534,116.44724132775981
대구,2024,12,3.467741935483871,222.0,-223.7,470.62387877369014,130.72885521491392
대전,2020,1,2.706451612903226,148.0,-110.5,335.16848425648755,93.10235673791321
대전,2020,2,3.579310344827586,184.7,-43.8,402.15688988284444,111.71024718967901
대전,2020,3,8.496774193548386,258.0,-191.6,820.356917282453,227.87692146734804
대전,2020,4,11.533333333333333,301.3,-189.2,1049.2558562701554,291.45996007504317
대전,2020,5,18.822580645161292,239.9,-54.6,861.4931297644592,239.30364715679423
대전,2020,6,24.11,200.7,93.5,606.7584306517797,168.54400851438325
대전,2020,7,23.635483870967743,95.9,463.90000000000003,40.328260007041344,11.202294446400373
대전,2020,8,27.54516129032258,176.8,262.59999999999997,321.61503100847085,89.33750861346412
대전,2020,9,21.183333333333334,196.3,20.6,560.294116652295,155.6372546256375
대전,2020,10,14.216129032258063,215.1,-212.8,687.1452169700956,190.8736713805821
대전,2020,11,8.623333333333333,155.3,-147.2,394.739105799596,109.64975161099889
대전,2020,12,0.4935483870967742,177.5,-184.9,374.6766994341772,104.07686095393811
대전,2021,1,-0.9838709677419354,166.5,-111.4,343.5357718521988,95.42660329227745
대전,2021,2,3.9857142857142853,205.4,-120.9,479.95867654274974,133.32185459520826
대전,2021,3,9.612903225806452,199.5,-84.80000000000001,604.0659492035405,167.79609700098348
대전,2021,4,14.653333333333334,219.7,-123.6,812.4497107011491,225.68047519476363
대전,2021,5,17.683870967741935,194.1,17.2,667.1755726392432,185.32654795534535
대전,2021,6,23.5,217.7,-29.1,817.8052549072695,227.1681263631304
대전,2021,7,27.838709677419356,214.1,16.8,767.9904955153124,213.3306931986979
대전,2021,8,25.76774193548387,143.70000000000002,208.20000000000002,357.2792846083705,99.24424572454737
대전,2021,9,22.44333333333333,158.5,17.199999999999996,516.1053871511003,143.36260754197232
대전,2021,10,15.712903225806452,202.0,-148.2,615.9958600069817,171.10996111305047
대전,2021,11,8.906666666666666,171.0,-138.3,413.0017341516536,114.72270393101488
대전,2021,12,1.8870967741935485,163.1,-121.6,329.8093514280881,91.61370873002447
대전,2022,1,-0.8516129032258065,208.1,-169.8,426.0237196071768,118.33992211310466
대전,2022,2,0.09285714285714282,207.4,-142.6,480.83367831316434,133.56491064254564
대전,2022,3,8.348387096774195,172.9,-88.0,558.5422315809539,155.1506198835983
대전,2022,4,14.856666666666666,250.3,-146.3,905.8802491117218,251.63340253103382
대전,2022,5,19.361290322580647,310.9,-225.9,1307.138802978571,363.09411193849195
대전,2022,6,24.05666666666667,177.7,0.6000000000000028,703.9561942980638,195.54338730501772
대전,2022,7,26.967741935483872,162.2,78.0,586.5315278891522,162.9254244136534
대전,2022,8,25.700000000000003,115.7,415.1,95.59496863794088,26.554157954983577
대전,2022,9,21.836666666666666,184.7,-89.8,675.5014426228613,187.63928961746146
대전,2022,10,14.283870967741937,215.6,-99.7,583.4028798215178,162.05635550597717
대전,2022,11,9.51,183.9,-143.2,435.26874487909316,120.90798468863699
대전,2022,12,-1.9838709677419355,153.5,-129.3,311.3035954211885,86.47322095033014
대전,2023,1,-0.867741935483871,192.5,-88.6,358.1146824126645,99.47630067018457
대전,2023,2,2.3535714285714286,177.3,-201.6,491.52569280778994,136.53491466883054
대전,2023,3,10.180645161290323,253.4,-237.2,873.4763481285073,242.63231892458535
대전,2023,4,13.723333333333333,202.5,-116.5,763.5770828041709,212.1047452233808
대전,2023,5,18.990322580645163,226.3,3.8999999999999986,747.5835133235156,207.66208703430988
대전,2023,6,23.646666666666665,229.5,-5.500000000000004,803.5122157720436,223.19783771445657
대전,2023,7,25.83225806451613,147.9,695.3000000000001,-258.9552559003499,-71.93201552787498
대전,2023,8,26.9741935483871,186.4,164.9,464.69961038679594,129.08322510744333
대전,2023,9,22.826666666666664,157.5,157.2,366.5183179055712,101.81064386265867
대전,2023,10,15.006451612903225,227.8,-221.8,728.9370075730495,202.48250210362485
대전,2023,11,7.593333333333334,167.7,-112.7,387.63685075731667,107.67690298814351
대전,2023,12,2.232258064516129,141.1,-19.900000000000002,257.22288688719414,71.45080191310949
대전,2024,1,0.28064516129032263,144.4,-105.2,320.5224763783884,89.03402121621899
대전,2024,2,4.272413793103448,103.4,-14.100000000000001,291.0818548515558,80.85607079209883
대전,2024,3,7.203225806451614,212.2,-86.1,615.5788337179653,170.99412047721256
대전,2024,4,16.1,211.3,-120.3,804.6731399847864,223.52031666244068
대전,2024,5,18.458064516129035,283.5,-62.2,953.7977920598398,264.9438311277333
대전,2024,6,23.983333333333334,270.2,-112.1,1064.716981319614,295.7547170332261
대전,2024,7,26.603225806451615,124.1,404.09999999999997,119.5024404464794,33.195122346244275
대전,2024,8,28.69677419354839,241.0,-74.7,917.270501934281,254.7973616484114
대전,2024,9,25.77,195.6,15.599999999999994,586.479374810669,162.91093744740806
대전,2024,10,16.261290322580646,147.0,-34.800000000000004,432.02918009050126,120.00810558069479
대전,2024,11,9.68,181.2,-127.4,419.15095818713934,116.43082171864981
대전,2024,12,1.8193548387096774,167.3,-95.3,319.62203414510805,88.78389837364112
부산,2020,1,6.412903225806452,184.8,-43.30000000000001,359.2300961985096,99.78613783291934
부산,2020,2,7.137931034482759,198.7,-85.1,478.02459956741654,132.78461099094903
부산,2020,3,10.441935483870967,243.0,-157.2,778.9762128875401,216.38228135765002
부산,2020,4,12.620000000000001,262.4,-114.5,878.4361833895812,244.01005094155033
부산,2020,5,17.87741935483871,215.1,-110.80000000000001,893.6992856622303,248.24980157284173
부산,2020,6,22.433333333333334,231.2,150.1,554.1247697989934,153.92354716638704
부산,2020,7,22.11935483870968,86.9,715.8,-231.72242349370887,-64.36733985936357
부산,2020,8,27.219354838709677,206.0,228.20000000000002,398.0864507799344,110.57956966109289
부산,2020,9,21.936666666666667,159.6,95.49999999999999,435.50734835583256,120.9742634321757
부산,2020,10,17.280645161290323,219.8,-207.6,725.1795052528562,201.4387514591267
부산,2020,11,12.4,197.3,-197.7,517.4455817794833,143.73488382763423
부산,2020,12,4.341935483870968,227.6,-241.8,504.92495654711036,140.2569323741973
부산,2021,1,3.274193548387097,192.5,-190.2,452.97179132406586,125.82549759001829
부산,2021,2,7.196428571428571,204.8,-157.5,536.5792486179539,149.04979128276497
부산,2021,3,11.36774193548387,215.3,-43.5,603.8172908204358,167.72702522789882
부산,2021,4,14.733333333333333,242.8,-99.9,833.3451981375855,231.4847772604404
부산,2021,5,17.741935483870968,190.8,4.200000000000001,682.6706148397069,189.630726344363
부산,2021,6,21.85666666666667,208.0,70.3,642.0245058755889,178.34014052099693
부산,2021,7,26.335483870967742,193.8,219.9,420.58267080334423,116.82851966759561
부산,2021,8,26.19677419354839,154.4,400.2,127.19192104718462,35.33108917977351
부산,2021,9,22.923333333333336,86.2,56.7,380.03055252453174,105.56404236792548
부산,2021,10,18.674193548387095,215.9,-179.8,702.7563395605503,195.21009432237506
부산,2021,11,12.456666666666667,221.0,-149.1,517.4171456377944,143.72698489938733
부산,2021,12,5.95483870967742,231.1,-256.5,528.1648618969539,146.71246163804275
부산,2022,1,3.967741935483871,233.79999999999998,-252.0,556.0998148359092,154.47217078775256
부산,2022,2,3.585714285714286,242.8,-234.0,640.8257083889823,178.00714121916175
부산,2022,3,10.51290322580645,190.1,-43.599999999999994,561.3286312030338,155.9246197786205
부산,2022,4,14.870000000000001,233.6,-58.400000000000006,760.2470180689206,211.17972724136683
부산,2022,5,18.983870967741936,293.6,-219.6,1255.0792448622005,348.6331235728335
부산,2022,6,21.676666666666666,174.2,26.0,650.6540312290156,180.73723089694877
부산,2022,7,26.161290322580644,193.8,-8.0,761.732967467076,211.59249096307667
부산,2022,8,26.403225806451612,163.6,32.7,611.7661606501416,169.93504462503932
부산,2022,9,22.89,135.1,0.4000000000000057,506.0084796057142,140.55791100158726
부산,2022,10,17.580645161290324,210.3,-188.3,694.7937342763717,192.99825952121435
부산,2022,11,14.393333333333334,177.6,-145.7,462.61625537073246,128.50451538075902
부산,2022,12,3.2548387096774194,224.7,-221.6,482.7126562296032,134.08684895266757
부산,2023,1,2.7636712749615975,188.0,-115.9,401.17652739767425,111.43792427713173
부산,2023,2,5.958928571428572,176.0,-159.25,488.47580480889667,135.68772355802685
부산,2023,3,11.714516129032258,211.60000000000002,-151.65,719.143437434529,199.76206595403585
부산,2023,4,14.565,213.55,-69.7,736.9976286258631,204.72156350718416
부산,2023,5,17.92741935483871,187.55,119.1,521.2901444081956,144.80281789116543
부산,2023,6,22.68333333333333,195.95,-17.8,756.5972291200159,210.16589697778218
부산,2023,7,25.80161290322581,138.0,490.85,9.774705555892169,2.7151959877478262
부산,2023,8,27.877419354838707,207.6,190.45,459.97522699075057,127.77089638631959
부산,2023,9,24.378333333333334,148.25,174.60000000000002,347.326037139973,96.4794547611036
부산,2023,10,17.338709677419356,232.2,-230.65,778.1139347643802,216.14275965677228
부산,2023,11,10.951666666666668,143.6,-179.0,425.28484656493515,118.13467960137088
부산,2023,12,5.504838709677419,89.3,-101.6,260.52646511759804,72.36846253266611
부산,2024,1,4.064516129032258,191.45,-145.2,424.465473083079,117.90707585641083
부산,2024,2,5.4,79.55,-11.95,270.4178536270886,75.11607045196905
부산,2024,3,9.333870967741936,207.3,-75.0,617.8798686715338,171.63329685320383
부산,2024,4,15.868333333333332,178.7,-40.85,648.8885907983532,180.24683077732033
부산,2024,5,18.637096774193548,262.0,-36.3,875.6019173174554,243.2227548104043
부산,2024,6,22.905,187.8,-4.649999999999996,724.1312681993229,201.1475744998119
부산,2024,7,26.51935483870968,153.85,195.2,411.53148460875843,114.31430128021069
부산,2024,8,29.225806451612904,254.60000000000002,-77.5,961.0118774344842,266.94774373180115
부산,2024,9,26.60333333333333,182.65,252.9,295.00883017102564,81.94689726972933
부산,2024,10,19.298387096774192,133.7,75.4,344.9484445645132,95.81901237903143
부산,2024,11,12.951666666666666,173.14999999999998,-107.45,421.18341618292163,116.99539338414489
부산,2024,12,4.943548387096774,234.5,-261.0,530.8119837656452,147.44777326823476
서울,2020,1,1.6258064516129032,177.9,-146.5,371.93203729421725,103.31445480394923
서울,2020,2,2.5344827586206895,185.0,-63.9,402.0593042287849,111.68314006355136
서울,2020,3,7.735483870967743,262.9,-190.7,808.5440938386797,224.59558162185547
서울,2020,4,11.123333333333333,283.3,-217.1,1038.0144509327008,288.33734748130576
서울,2020,5,18.006451612903227,177.9,4.399999999999999,657.8728262383814,182.74245173288372
서울,2020,6,23.886666666666667,206.1,4.6000000000000085,745.8085993484908,207.16905537458078
서울,2020,7,24.14516129032258,119.4,189.39999999999998,373.3725251372239,103.71459031589552
서울,2020,8,26.519354838709678,74.7,585.7,-83.90485582739475,-23.306904396498542
서울,2020,9,21.39333333333333,174.3,37.5,502.5861830406277,139.60727306684103
서울,2020,10,14.290322580645162,227.1,-243.0,721.4431265152234,200.40086847645094
서울,2020,11,8.026666666666667,171.5,-50.89999999999999,339.720244884894,94.36673469024832
서울,2020,12,-0.3516129032258065,203.6,-193.4,389.95473715344616,108.3207603204017
서울,2021,1,-2.370967741935484,167.4,-143.1,344.07058626126485,95.57516285035135
서울,2021,2,2.732142857142857,181.0,-172.9,465.56289906140586,129.32302751705717
서울,2021,3,9.016129032258064,213.0,-78.1,604.1954730037046,167.83207583436237
서울,2021,4,14.196666666666665,208.6,-28.899999999999995,661.4311004429323,183.73086123414788
서울,2021,5,17.067741935483873,203.7,75.10000000000001,595.0155609843689,165.28210027343582
서울,2021,6,22.816666666666666,185.5,-21.4,740.3037931994979,205.6399425554161
서울,2021,7,28.11935483870968,195.2,6.300000000000011,749.6593267522757,208.23870187563213
서울,2021,8,25.858064516129033,127.3,112.2,449.7580178045857,124.93278272349602
서울,2021,9,22.596666666666668,182.0,-58.00000000000001,629.2095245998721,174.78042349996448
서울,2021,10,15.574193548387097,168.4,-87.0,494.8917272245144,137.46992422903176
서울,2021,11,8.18,163.6,-108.6,369.0265213461166,102.50736704058795
서울,2021,12,0.5838709677419355,185.4,-154.1,352.32272388788476,97.8674233021902
서울,2022,1,-2.196774193548387,206.9,-165.5,400.97301669971347,111.38139352769818
서울,2022,2,-1.125,203.79999999999998,-175.3,480.8112972331723,133.5586936758812
서울,2022,3,7.65483870967742,173.0,-77.4,535.6088609343678,148.7802391484355
서울,2022,4,14.753333333333332,246.4,-177.6,931.3062033754687,258.6961676042969
서울,2022,5,19.12258064516129,302.3,-190.5,1214.2885363725052,337.30237121458475
서울,2022,6,23.303333333333335,131.9,267.79999999999995,287.0522793824334,79.73674427289818
서울,2022,7,27.32903225806452,140.1,144.3,465.8396706949032,129.399908526362
서울,2022,8,25.741935483870968,107.3,510.79999999999995,-11.766877555578315,-3.268577098771754
서울,2022,9,22.353333333333335,203.9,21.499999999999996,570.7954569477688,158.55429359660243
서울,2022,10,14.564516129032258,216.0,-91.9,564.2279607182719,156.72998908840887
서울,2022,11,10.03,187.5,-104.5,401.2988617349787,111.47190603749408
서울,2022,12,-2.8161290322580643,197.1,-148.4,349.3447351111812,97.04020419755032
서울,2023,1,-1.5225806451612904,190.9,-96.1,345.4568498009699,95.96023605582498
서울,2023,2,2.3000000000000003,198.2,-215.0,518.3359435027801,143.98220652855002
서울,2023,3,9.780645161290321,239.8,-232.5,823.2163446859292,228.67120685720255
서울,2023,4,13.8,182.3,-47.1,637.3676716280406,177.0465754522335
서울,2023,5,19.52258064516129,235.6,-24.400000000000002,806.5421997418745,224.03949992829845
서울,2023,6,23.383333333333333,195.1,87.6,602.2295938500787,167.28599829168851
서울,2023,7,26.706451612903226,146.1,360.9,184.2866557288842,51.19073770246783
서울,2023,8,27.187096774193545,156.1,172.1,417.3404798253658,115.9279110626016
서울,2023,9,23.663333333333334,157.1,-18.5,549.5320914136291,152.64780317045253
서울,2023,10,15.793548387096775,208.7,-185.0,647.5014161045182,179.86150447347725
서울,2023,11,6.796666666666667,171.9,-71.10000000000001,350.9328877422624,97.48135770618399
서울,2023,12,1.1161290322580644,133.2,-67.1,258.77203758687455,71.8811215519096
서울,2024,1,-0.4870967741935483,177.4,-152.1,366.79504177748856,101.88751160485793
서울,2024,2,3.820689655172414,109.3,-60.3,314.1557768213178,87.26549356147716
서울,2024,3,6.970967741935484,172.6,-150.1,602.5324706430428,167.37013073417853
서울,2024,4,16.343333333333334,209.2,-173.8,863.0905912669962,239.74738646305448
서울,2024,5,18.493548387096773,262.0,-72.9,925.8930005963141,257.1925001656428
서울,2024,6,24.59333333333333,285.6,-73.1,1030.237358590264,286.1770440528511
서울,2024,7,26.596774193548388,96.3,512.3,-14.055820692106776,-3.9043946366963267
서울,2024,8,29.33225806451613,179.0,-35.199999999999996,733.8492481174763,203.84701336596564
서울,2024,9,25.483333333333334,166.9,-0.10000000000000497,550.1030596981165,152.806405471699
서울,2024,10,16.654838709677417,166.4,-88.0,493.55680500172963,137.09911250048046
서울,2024,11,9.676666666666668,173.9,-102.0,379.72658681012337,105.47960744725648
서울,2024,12,0.8483870967741935,206.3,-147.3,371.25498178252326,103.12638382847868
세종,2020,1,2.1451612903225805,138.6,-152.70000000000002,343.83918620942524,95.51088505817367
세종,2020,2,2.8689655172413793,171.0,-63.3,395.8806369396402,109.96684359434451
세종,2020,3,7.780645161290322,224.6,-220.4,783.1559120122557,217.54330889229325
세종,2020,4,10.82,279.6,-216.4,1035.219424927799,287.56095136883306
세종,2020,5,18.154838709677417,213.7,-70.4,830.0848834192498,230.57913428312492
세종,2020,6,23.183333333333334,208.3,97.2,607.4617063255363,168.73936286820452
세종,2020,7,23.203225806451613,86.3,337.40000000000003,175.46960401885465,48.74155667190407
세종,2020,8,26.809677419354838,152.8,393.1,134.86035377868086,37.461209382966906
세종,2020,9,20.540000000000003,171.7,-8.699999999999996,552.1082058615938,153.36339051710937
세종,2020,10,13.438709677419354,204.5,-245.6,692.4623050385206,192.35064028847796
세종,2020,11,8.046666666666667,157.2,-156.9,399.5166293846866,110.97684149574627
세종,2020,12,-0.07419354838709674,167.7,-230.5,383.72448139906965,106.59013372196378
세종,2021,1,-1.7483870967741937,166.4,-176.0,375.2898307620534,104.2471752116815
세종,2021,2,3.2392857142857143,186.0,-165.6,481.4786945331658,133.7440818147683
세종,2021,3,8.806451612903226,192.0,-116.2,618.2616178472946,171.73933829091516
세종,2021,4,13.85,212.5,-133.0,803.8478571198492,223.29107142218032
세종,2021,5,16.774193548387096,198.6,15.900000000000002,670.768806786655,186.3246685518486
세종,2021,6,22.563333333333333,211.5,-85.2,884.6132558190317,245.72590439417547
세종,2021,7,26.932258064516127,228.5,9.700000000000003,799.113143276059,221.9758731322386
세종,2021,8,25.083870967741937,148.1,106.1,485.3258266810365,134.81272963362125
세종,2021,9,21.84,148.7,-4.400000000000007,520.3510348957542,144.5419541377095
세종,2021,10,15.03225806451613,170.4,-179.6,586.1217220458728,162.8115894571869
세종,2021,11,8.19,162.0,-128.1,390.983202970448,108.6064452695689
세종,2021,12,1.2322580645161292,154.3,-163.0,338.1451837056012,93.92921769600034
세종,2022,1,-1.435483870967742,196.6,-222.3,440.4067129533488,122.33519804259689
세종,2022,2,-0.4571428571428572,204.9,-195.8,512.6736886855315,142.40935796820318
세종,2022,3,7.72258064516129,165.6,-120.9,573.2729447434219,159.24248465095053
세종,2022,4,14.223333333333333,232.9,-162.3,886.1329859916087,246.14805166433575
세종,2022,5,18.374193548387098,292.1,-242.6,1278.156196894718,355.04338802631054
세종,2022,6,23.323333333333334,182.5,-52.5,783.4515572357654,217.6254325654904
세종,2022,7,26.416129032258063,184.3,86.5,605.0976241963491,168.08267338787473
세종,2022,8,25.299999999999997,134.2,331.0,200.41762236751143,55.67156176875317
세종,2022,9,13.733333333333333,161.9,-77.2,577.9564347279118,160.5434540910866
세종,2022,10,13.919354838709678,200.9,-124.3,580.8986401894595,161.36073338596097
세종,2022,11,9.389999999999999,171.0,-167.2,432.0283600790553,120.00787779973757
세종,2022,12,-2.393548387096774,153.5,-170.0,328.6043384876228,91.27898291322855
세종,2023,1,-1.1870967741935483,179.6,-162.7,385.33971151781213,107.03880875494781
세종,2023,2,-5.214285714285714,139.2,-211.9,406.77496178671595,112.99304494075443
세종,2023,3,9.616129032258065,233.0,-242.5,832.7329079518934,231.3146966533037
세종,2023,4,13.28,188.1,-131.2,749.7072962622227,208.2520267395063
세종,2023,5,18.451612903225808,209.3,-12.800000000000004,739.3339825372844,205.37055070480122
세종,2023,6,23.066666666666666,219.0,-76.4,890.2118106433032,247.28105851202866
세종,2023,7,25.62258064516129,139.3,776.5,-357.3585274869893,-99.26625763527481
세종,2023,8,26.73548387096774,176.3,157.60000000000002,461.40008474966305,128.16669020823974
세종,2023,9,22.65666666666667,140.6,211.1,292.7062494796531,81.30729152212585
세종,2023,10,14.809677419354838,198.4,-237.7,687.1255120705039,190.86819779736217
세종,2023,11,7.573333333333333,158.4,-122.0,380.5421891659439,105.70616365720664
세종,2023,12,2.2806451612903227,115.5,-67.7,254.99282536223262,70.83134037839795
세종,2024,1,0.11935483870967743,130.2,-137.5,319.66180523011036,88.79494589725287
세종,2024,2,4.044827586206896,95.4,-13.000000000000004,280.0111336659511,77.78087046276418
세종,2024,3,6.958064516129032,188.1,-140.2,628.8012011417516,174.6670003171532
세종,2024,4,15.76,192.2,-127.7,772.929531012862,214.70264750357276
세종,2024,5,17.92258064516129,265.5,-60.2,911.5839219957187,253.21775610992185
세종,2024,6,23.256666666666668,262.6,-102.7,1025.6438363388966,284.90106564969346
세종,2024,7,26.225806451612904,120.7,479.09999999999997,25.702745186852653,7.139651440792403
세종,2024,8,28.116129032258065,222.2,-91.3,899.2790380231617,249.79973278421156
세종,2024,9,25.233333333333334,178.5,52.100000000000016,514.7470873658275,142.9853020460632
세종,2024,10,15.69032258064516,120.5,-55.9,408.4671912723866,113.46310868677405
세종,2024,11,9.486666666666668,165.3,-100.89999999999999,380.09424565609095,105.5817349044697
세종,2024,12,1.2935483870967743,152.3,-138.0,323.148214368053,89.76339288001472
울산,2020,1,5.235483870967743,153.6,7.699999999999989,288.9002760659898,80.25007668499715
울산,2020,2,6.020689655172413,210.7,-117.4,511.811072403139,142.16974233420527
울산,2020,3,9.638709677419355,238.0,-156.4,759.3110010725069,210.9197225201408
울산,2020,4,12.256666666666666,277.4,-115.8,903.630524863953,251.00847912887585
울산,2020,5,18.135483870967743,245.5,-146.5,1013.6142171556169,281.5595047654491
울산,2020,6,22.73,257.2,56.6,744.3428897615519,206.7619138226533
울산,2020,7,22.135483870967743,111.4,408.3,106.31548798887253,29.532079996909037
울산,2020,8,27.603225806451615,230.2,-33.9,828.5336472737262,230.14823535381282
울산,2020,9,21.14,166.2,144.0,386.4109898616127,107.33638607267018
울산,2020,10,15.90967741935484,230.7,-188.1,711.1500276023534,197.54167433398703
울산,2020,11,10.993333333333334,190.7,-160.3,469.41659816391484,130.39349948997634
울산,2020,12,3.390322580645161,236.0,-237.3,502.14462614188596,139.4846183727461
울산,2021,1,2.07741935483871,211.5,-195.4,470.5164953620701,130.6990264894639
울산,2021,2,6.5321428571428575,208.7,-160.2,536.8482778046549,149.12452161240415
울산,2021,3,10.493548387096775,204.5,-32.10000000000001,567.5449645895893,157.65137905266369
울산,2021,4,13.823333333333332,241.5,-97.1,817.9988724540856,227.22190901502375
울산,2021,5,17.758064516129032,219.0,3.3999999999999972,730.4415020064415,202.90041722401153
울산,2021,6,21.663333333333334,212.7,-77.2,870.0353052207506,241.67647367243072
울산,2021,7,25.948387096774194,235.8,18.29999999999999,793.7060912917918,220.47391424771996
울산,2021,8,25.312903225806455,166.3,389.9,143.62810233757477,39.89669509377077
울산,2021,9,22.13,136.9,53.2,450.31139406205045,125.08649835056957
울산,2021,10,17.061290322580643,214.9,-131.0,637.133371398831,176.9814920552308
울산,2021,11,11.07,220.4,-157.3,511.30254864483936,142.0284857346776
울산,2021,12,4.735483870967743,230.4,-248.5,509.3163388748241,141.47676079856225
울산,2022,1,2.5935483870967744,235.2,-242.1,537.4376282349884,149.28823006527458
울산,2022,2,2.6571428571428575,242.7,-231.8,627.8164873757744,174.39346871549287
울산,2022,3,9.870967741935484,211.5,-133.5,684.046946671093,190.0130407419703
울산,2022,4,14.736666666666668,258.3,-117.0,884.9283038488384,245.81341773578842
울산,2022,5,19.187096774193545,318.2,-218.9,1314.780629956907,365.2168416546964
울산,2022,6,22.423333333333336,225.7,-23.900000000000002,818.7535775773284,227.43154932703567
울산,2022,7,25.9741935483871,183.9,-9.999999999999991,744.6205127350393,206.83903131528868
울산,2022,8,26.358064516129033,162.0,21.500000000000007,622.1546413611262,172.82073371142394
울산,2022,9,21.653333333333332,134.7,122.8,376.0753034870048,104.46536207972356
울산,2022,10,16.02258064516129,207.9,-140.6,629.4644774980181,174.85124374944948
울산,2022,11,12.726666666666667,210.8,-171.1,516.1423180683616,143.37286613010045
울산,2022,12,2.02258064516129,224.0,-197.3,454.3971735116572,126.22143708657143
울산,2023,1,2.596774193548387,223.2,-183.7,479.8653218159445,133.29592272665124
울산,2023,2,5.2,171.5,-143.0,462.7395654115496,128.53876816987488
울산,2023,3,11.432258064516128,231.5,-147.7,745.3288379734039,207.03578832594553
울산,2023,4,14.09,225.0,-122.3,822.1274900514184,228.3687472365051
울산,2023,5,17.76774193548387,200.0,33.199999999999996,656.6164010712539,182.39344474201496
울산,2023,6,22.283333333333335,204.7,-11.599999999999994,760.601946385493,211.2783184404147
울산,2023,7,25.796774193548387,166.9,149.89999999999998,488.90955222720595,135.80820895200165
울산,2023,8,26.52258064516129,196.2,259.3,342.47948349876026,95.13318986076673
울산,2023,9,22.903333333333332,142.9,168.7,342.3229479569633,95.08970776582314
울산,2023,10,16.37741935483871,229.8,-202.7,732.6064355006994,203.50178763908315
울산,2023,11,10.393333333333334,209.2,-182.9,512.0738753791692,142.24274316088034
울산,2023,12,4.864516129032258,191.4,-62.29999999999999,343.74162678403223,95.48378521778673
울산,2024,1,3.416129032258065,197.5,-119.7,408.49404324590313,113.47056756830642
울산,2024,2,5.979310344827587,100.89999999999999,15.399999999999999,281.1130270142445,78.08695194840125
울산,2024,3,8.558064516129033,215.1,-63.8,610.6423007758743,169.62286132663175
울산,2024,4,14.92,186.8,-62.900000000000006,683.1947573397475,189.7763214832632
울산,2024,5,17.88064516129032,273.1,-101.7,997.6892097814919,277.13589160596996
울산,2024,6,22.586666666666666,209.0,-46.400000000000006,822.7653644930011,228.5459345813892
울산,2024,7,26.929032258064513,193.6,83.19999999999999,627.2002667651076,174.222296323641
울산,2024,8,27.961290322580645,272.0,-63.900000000000006,961.7048606702176,267.14023907506044
울산,2024,9,24.673333333333336,167.7,111.0,436.415711232904,121.22658645358445
울산,2024,10,17.780645161290323,121.7,57.3,338.65203906974955,94.07001085270821
울산,2024,11,11.753333333333334,152.6,-130.5,400.97929775390605,111.3831382649739
울산,2024,12,4.054838709677419,236.0,-261.0,521.6168741170718,144.89357614363107
인천,2020,1,1.764516129032258,184.79999999999998,-168.03333333333333,394.2113443157903,109.50315119883066
인천,2020,2,2.2264367816091952,169.4333333333333,-103.60000000000001,409.4813548289737,113.74482078582601
인천,2020,3,6.527956989247312,263.3333333333333,-216.9,831.8984471785894,231.08290199405266
인천,2020,4,9.93,301.7,-213.0666666666667,1061.1795283393635,294.77209120537873
인천,2020,5,15.48494623655914,172.29999999999998,44.53333333333334,588.3267646038854,163.42410127885705
인천,2020,6,20.641111111111112,205.9,-5.000000000000004,741.1867312390259,205.8852031219516
인천,2020,7,22.246236559139785,168.53333333333333,130.89999999999998,501.97548054120097,139.43763348366693
인천,2020,8,24.967741935483872,88.66666666666667,344.90000000000003,151.0866674373349,41.968518732593026
인천,2020,9,20.63888888888889,208.4333333333333,34.4,551.5076190803626,153.19656085565626
인천,2020,10,14.350537634408601,234.29999999999998,-221.73333333333335,715.4730962685136,198.74252674125378
인천,2020,11,8.19111111111111,167.4333333333333,-122.3,379.98719353492993,105.5519982041472
인천,2020,12,0.4698924731182796,175.9333333333333,-142.36666666666667,339.1756206443726,94.21545017899238
인천,2021,1,-2.137634408602151,161.4,-116.86666666666667,328.0425972880894,91.12294369113594
인천,2021,2,1.8476190476190475,186.66666666666666,-190.33333333333334,482.8393624232162,134.12204511756005
인천,2021,3,6.931182795698924,215.20000000000002,-116.06666666666666,635.8934432567033,176.6370675713065
인천,2021,4,12.167777777777777,227.4333333333333,-64.76666666666667,726.8530403504561,201.90362231957113
인천,2021,5,15.448387096774193,229.33333333333334,46.56666666666666,667.9393004466186,185.53869456850518
인천,2021,6,20.363333333333333,194.73333333333335,-48.93333333333334,787.2575747270117,218.68265964639215
인천,2021,7,25.778494623655916,243.93333333333337,-122.73333333333333,1035.6691315322616,287.6858698700726
인천,2021,8,24.540860215053765,171.13333333333333,133.0,473.34463104527003,131.48461973479723
인천,2021,9,21.823333333333334,203.53333333333333,-26.0,624.6196868645494,173.50546857348596
인천,2021,10,15.490322580645161,192.9333333333333,-102.73333333333333,545.809312186762,151.6136978296561
인천,2021,11,8.69,155.73333333333332,-110.73333333333333,362.8875796530165,100.80210545917124
인천,2021,12,1.538709677419355,163.20000000000002,-150.0,332.42631030323747,92.3406417508993
인천,2022,1,-1.7774193548387096,197.83333333333334,-174.4,399.2538538293732,110.903848285937
인천,2022,2,-1.063095238095238,200.1,-170.4,474.6538690094294,131.84829694706374
인천,2022,3,6.076344086021506,178.6,-99.76666666666667,557.7396141571375,154.92767059920484
인천,2022,4,11.841111111111111,247.36666666666665,-202.03333333333333,943.1409825566311,261.9836062657309
인천,2022,5,15.902150537634407,276.0,-211.96666666666667,1157.251199520517,321.45866653347696
인천,2022,6,20.778888888888886,127.16666666666667,228.0,323.91310940432135,89.97586372342259
인천,2022,7,25.151612903225807,181.63333333333333,77.2,608.6594238375978,169.0720621771105
인천,2022,8,24.268817204301076,157.9,260.6333333333333,307.67333151530823,85.46481430980782
인천,2022,9,20.91333333333333,217.73333333333335,-44.06666666666666,665.4015275679752,184.8337576577709
인천,2022,10,12.482795698924733,223.4333333333333,-99.39999999999999,574.1221026057082,159.4783618349189
인천,2022,11,8.331111111111111,169.76666666666668,-109.0,377.66631045268906,104.9073084590803
인천,2022,12,-2.224731182795699,169.0,-129.79999999999998,317.05450933329803,88.07069703702723
인천,2023,1,-1.5892473118279569,176.33333333333334,-145.43333333333334,359.1290460518978,99.75806834774937
인천,2023,2,1.2857142857142858,204.4333333333333,-221.03333333333333,528.1731731396502,146.71477031656948
인천,2023,3,7.041935483870968,224.4333333333333,-227.73333333333335,770.0265169357245,213.89625470436795
인천,2023,4,11.664444444444444,186.5666666666667,-87.56666666666666,680.1519307472757,188.93109187424326
인천,2023,5,16.603225806451615,221.9333333333333,-49.46666666666667,800.1138315857742,222.25384210715947
인천,2023,6,20.723333333333333,215.26666666666665,-14.233333333333334,772.5867997799505,214.60744438331957
인천,2023,7,24.77311827956989,169.70000000000002,153.96666666666667,482.00121043707486,133.88922512140968
인천,2023,8,25.449462365591398,190.96666666666667,84.23333333333333,570.956883024908,158.59913417358553
인천,2023,9,22.442222222222224,181.13333333333333,-91.8,667.9931585161142,185.55365514336506
인천,2023,10,15.713978494623655,217.46666666666667,-192.9,671.5102067492829,186.53061298591192
인천,2023,11,6.8677777777777775,147.4,-76.36666666666667,329.4778634118352,91.52162872550976
인천,2023,12,1.1,68.93333333333334,-58.1,196.20834480190535,54.50231800052927
인천,2024,1,-1.5225806451612904,149.66666666666666,-176.79999999999998,345.68878076919526,96.02466132477646
인천,2024,2,2.6379310344827585,136.36666666666667,-87.93333333333334,360.48789513455523,100.13552642626534
인천,2024,3,5.820430107526882,219.76666666666665,-179.83333333333334,707.1344131047589,196.42622586243303
인천,2024,4,13.235555555555557,217.33333333333334,-162.20000000000002,842.693863606106,234.0816287794739
인천,2024,5,15.945161290322583,246.0666666666667,-94.76666666666667,909.6546002536076,252.6818334037799
인천,2024,6,21.55666666666667,286.3,-123.09999999999998,1093.7101414845486,303.8083726345969
인천,2024,7,24.63010752688172,103.66666666666667,302.1666666666667,232.74564872346923,64.65156908985257
인천,2024,8,27.422580645161293,229.20000000000002,-29.033333333333328,809.5356244594788,224.87100679429966
인천,2024,9,23.86888888888889,185.96666666666667,-62.5,645.0851327041529,179.19031464004243
인천,2024,10,16.0494623655914,192.13333333333333,-94.73333333333333,535.0685937255198,148.6301649237555
인천,2024,11,9.625555555555556,178.79999999999998,-116.96666666666665,396.1950438057629,110.05417883493415
인천,2024,12,1.1376344086021506,172.53333333333333,-173.23333333333335,352.17304029379875,97.82584452605518
전남,2020,1,4.415632754342432,130.96923076923076,-101.54615384615384,330.3210454451019,91.75584595697275
전남,2020,2,5.130769230769231,173.78461538461536,-99.6076923076923,449.02458126436096,124.72905035121137
전남,2020,3,8.33151364764268,238.84615384615384,-170.73846153846154,774.5435217739342,215.1509782705373
전남,2020,4,10.831794871794871,269.6,-148.17692307692306,928.0050663623736,257.77918510065933
전남,2020,5,17.35136476426799,196.8,5.93076923076923,690.5111394620301,191.8086498505639
전남,2020,6,21.494871794871795,195.96923076923076,159.94615384615386,490.5519951608666,136.26444310024073
전남,2020,7,21.789330024813896,77.42307692307692,310.25384615384615,196.54051446854817,54.59458735237449
전남,2020,8,27.187593052109182,174.76923076923077,94.21538461538461,553.0430362949145,153.62306563747626
전남,2020,9,21.264358974358974,163.4923076923077,93.44615384615386,443.45377995619907,123.18160554338861
전남,2020,10,15.525558312655086,226.8,-212.59230769230768,735.3678494416824,204.268847067134
전남,2020,11,10.850000000000001,168.1307692307692,-171.35384615384615,453.1248684720152,125.8680190200042
전남,2020,12,2.744665012406948,177.41538461538462,-187.21538461538464,403.4012911273091,112.05591420203031
전남,2021,1,1.9062034739454095,168.62307692307692,-101.54615384615384,366.04387519870073,101.67885422186131
전남,2021,2,4.969505494505494,171.90769230769232,-128.94615384615383,458.455887868425,127.34885774122917
전남,2021,3,9.76848635235732,218.10000000000002,-54.15384615384615,613.0720759078636,170.29779886329544
전남,2021,4,13.41025641025641,233.3923076923077,-126.43076923076923,842.7543311817252,234.09842532825698
전남,2021,5,16.87816377171216,218.42307692307693,-38.56153846153846,787.2584321750027,218.68289782638962
전남,2021,6,19.74128205128205,215.3230769230769,-61.330769230769235,837.4089676317773,232.61360211993812
전남,2021,7,25.959553349875932,193.7923076923077,250.63076923076926,373.73780858266485,103.81605793962912
전남,2021,8,25.666501240694785,179.89999999999998,169.2923076923077,448.9480571449309,124.70779365136968
전남,2021,9,22.63,123.4923076923077,7.538461538461538,480.9181248256867,133.5883680071352
전남,2021,10,16.962282878411912,214.25384615384615,-177.0076923076923,689.6869190106253,191.5796997251737
전남,2021,11,10.296153846153846,183.47692307692307,-120.65384615384616,439.3378598637281,122.03829440659115
전남,2021,12,4.315880893300248,169.83076923076925,-165.6153846153846,387.80032671896,107.72231297748887
전남,2022,1,1.6218362282878414,192.55384615384614,-203.8846153846154,458.24531780720315,127.29036605755643
전남,2022,2,1.7006923076923075,198.33076923076925,-163.23846153846154,507.63116754388204,141.00865765107835
전남,2022,3,8.736476426799008,183.97692307692307,-59.37692307692308,560.6499549670954,155.73609860197095
전남,2022,4,13.594615384615384,230.60000000000002,-117.33076923076922,827.1173987113217,229.75483297536715
전남,2022,5,17.187938674229,277.96153846153845,-231.03846153846155,1218.9684377550684,338.6023438208523
전남,2022,6,22.032307692307693,157.80769230769232,-48.08461538461539,722.4304135012754,200.67511486146537
전남,2022,7,25.726302729528534,188.52307692307693,71.58461538461539,633.0868412500732,175.85745590279814
전남,2022,8,25.352109181141437,132.0076923076923,-4.761538461538462,597.9680870059334,166.10224639053706
전남,2022,9,22.15692307692308,157.36153846153846,7.669230769230767,532.4736785158477,147.909355143291
전남,2022,10,15.491563275434244,238.64615384615385,-182.87692307692308,730.742347584586,202.98398544016274
전남,2022,11,11.465897435897435,183.3230769230769,-141.6153846153846,458.4370987781272,127.34363854947978
전남,2022,12,1.98287841191067,163.2076923076923,-130.80769230769232,352.06641503523315,97.79622639867587
전남,2023,1,2.111910669975186,181.97692307692307,-132.8923076923077,400.9710057485589,111.38083493015523
전남,2023,2,3.430769230769231,173.46153846153845,-138.0076923076923,460.0647555668019,127.79576543522275
전남,2023,3,9.797270471464019,225.83076923076925,-170.95384615384617,756.8331929792992,210.23144249424973
전남,2023,4,13.264358974358974,190.69230769230768,-51.20769230769231,666.7268026320279,185.20188962000776
전남,2023,5,17.44119106699752,181.8923076923077,105.87692307692308,529.6166519968602,147.11573666579451
전남,2023,6,20.482386587771202,183.75384615384615,70.54615384615384,595.7000557268029,165.4722377018897
전남,2023,7,25.101736972704714,101.08461538461538,466.5769230769231,38.530488586385445,10.702913496218176
전남,2023,8,26.95334987593052,227.63846153846154,68.49230769230769,668.629893729534,185.73052603598168
전남,2023,9,23.335641025641028,165.8153846153846,15.653846153846153,542.0115812586696,150.55877257185267
전남,2023,10,16.503722084367247,222.73076923076923,-204.6153846153846,731.0908054184357,203.0807792828988
전남,2023,11,9.344871794871795,158.1846153846154,-60.323076923076925,365.0609187647922,101.40581076799783
전남,2023,12,4.840942928039703,126.97692307692309,-74.3153846153846,291.7545596243019,81.04293322897274
전남,2024,1,3.4210918114143922,156.22307692307692,-105.93846153846154,359.7840048117887,99.94000133660796
전남,2024,2,5.774535809018568,108.94615384615385,30.815384615384616,283.84839690881574,78.8467769191155
전남,2024,3,8.021339950372209,191.06153846153848,-61.11538461538461,573.1650077236601,159.21250214546114
전남,2024,4,14.865897435897436,175.78461538461536,-27.9,625.3919058339991,173.71997384277753
전남,2024,5,17.615136476426798,263.9230769230769,-10.869230769230768,830.8342531842923,230.78729255119228
전남,2024,6,22.325128205128205,189.8230769230769,9.984615384615385,702.9030549481049,195.25084859669582
전남,2024,7,26.42034739454094,127.9923076923077,195.1846153846154,382.8715017099724,106.35319491943677
전남,2024,8,27.784615384615385,268.86153846153843,-129.51538461538462,1072.0484267085485,297.79122964126344
전남,2024,9,25.72358974358974,205.34615384615384,108.65384615384616,497.27435615780973,138.1317655993916
전남,2024,10,17.570223325062035,145.64615384615385,-10.684615384615386,426.84858948497697,118.56905263471582
전남,2024,11,10.655897435897437,154.0076923076923,-60.17692307692308,360.96875385396834,100.26909829276897
전남,2024,12,3.5352357320099257,166.07692307692307,-169.9923076923077,383.3712705796606,106.49201960546127
전북,2020,1,1.9254838709677418,116.19000000000001,-100.6,297.5905852465535,82.66405145737596
전북,2020,2,3.0006896551724136,178.20999999999998,-67.69,414.25798616961265,115.07166282489239
전북,2020,3,7.271935483870967,233.15,-184.89000000000001,763.7610195468321,212.1558387630089
전북,2020,4,9.396333333333335,271.85,-168.03,942.450614875908,261.79183746552997
전북,2020,5,17.63258064516129,207.01,-78.15,826.6979919692615,229.6383311025726
전북,2020,6,22.515333333333334,176.59,54.870000000000005,616.9376543226468,171.37157064517967
전북,2020,7,22.431935483870966,77.61,461.08000000000004,40.870256160445344,11.35284893345704
전북,2020,8,26.912903225806453,146.49,430.81000000000006,90.58160544800468,25.161557068890186
전북,2020,9,20.268,156.07,69.52000000000001,450.5119298037448,125.14220272326244
전북,2020,10,13.675806451612903,218.86999999999998,-235.33,719.7593357127286,199.93314880909128
전북,2020,11,8.188999999999998,164.66,-130.85,401.16121059881556,111.43366961078209
전북,2020,12,-0.012580645161290349,156.33999999999997,-156.3,340.10181474221895,94.47272631728303
전북,2021,1,-0.9680645161290322,154.27,-97.81,328.54282443313366,91.26189567587046
전북,2021,2,3.086785714285714,175.20999999999998,-124.97,443.6212969888851,123.22813805246808
전북,2021,3,8.544193548387096,201.65,-95.92999999999999,617.9409401545956,171.65026115405436
전북,2021,4,13.254666666666669,225.0,-147.34,847.7137355476731,235.4760376521314
전북,2021,5,16.4274623655914,197.9,-9.98,704.8817263917869,195.8004795532741
전북,2021,6,22.165666666666667,201.62,-7.420000000000002,749.0904371670947,208.08067699085964
전북,2021,7,25.39548387096774,196.0,92.59,608.971409291597,169.15872480322136
전북,2021,8,24.259709677419355,158.17000000000002,251.68999999999997,314.1287264252092,87.25797956255812
전북,2021,9,21.875999999999998,142.57,8.9,500.75675944855175,139.0990998468199
전북,2021,10,14.82548387096774,210.32,-157.35,640.3891601279362,177.8858778133156
전북,2021,11,8.301333333333334,156.17000000000002,-86.22,365.30672643163655,101.4740906754546
전북,2021,12,1.8687096774193548,148.46,-146.38,332.68004918008353,92.41112477224543
전북,2022,1,-0.7919354838709678,181.51,-184.20999999999998,409.645910354693,113.79053065408138
전북,2022,2,-0.2667857142857143,193.38,-129.91,456.64871169224506,126.84686435895696
전북,2022,3,7.468709677419355,170.93,-100.37,566.7810806838087,157.43918907883574
전북,2022,4,13.357,249.93,-144.52,894.4556134710474,248.45989263084653
전북,2022,5,17.539354838709677,272.59000000000003,-224.86999999999998,1195.8384331451598,332.1773425403222
전북,2022,6,22.832666666666665,174.5,48.86,626.1648043610492,173.9346678780692
전북,2022,7,26.07161290322581,169.76,36.519999999999996,653.2142129549622,181.44839248748954
전북,2022,8,25.62935483870968,128.02,86.47999999999999,484.2091471954294,134.5025408876193
전북,2022,9,21.412666666666667,168.32,-90.46000000000001,648.1973449260998,180.05481803502772
전북,2022,10,12.720967741935484,224.44,-154.53,649.8484699351272,180.51346387086863
전북,2022,11,9.519666666666668,183.67000000000002,-114.21,421.62014751420355,117.11670764283431
전북,2022,12,-1.2232258064516128,147.57999999999998,-121.22,309.1641627532176,85.878934098116
전북,2023,1,-0.3474193548387097,174.66000000000003,-146.7,381.17716680420364,105.88254633450101
전북,2023,2,1.9149999999999998,175.4,-175.77,474.3407355548446,131.7613154319013
전북,2023,3,8.88483870967742,238.6,-203.15,801.5828083040168,222.6618911955602
전북,2023,4,12.986666666666668,187.25,-111.02000000000001,726.0310090923097,201.67528030341933
전북,2023,5,18.184516129032257,196.43,57.15999999999999,617.8381944522273,171.62172068117425
전북,2023,6,21.99396296296296,207.18,76.49,631.9558210396651,175.5432836221292
전북,2023,7,23.831290322580646,123.8,593.35,-130.45352574179637,-36.23709048383232
전북,2023,8,26.67193548387097,201.29000000000002,108.29,568.328079036061,157.8689108433503
전북,2023,9,22.752333333333333,154.39000000000001,30.079999999999995,500.1205288807975,138.92236913355487
전북,2023,10,14.801290322580645,217.19,-176.77,670.823419759761,186.33983882215585
전북,2023,11,8.221666666666668,141.27,-42.82,321.71001689643776,89.36389358234382
전북,2023,12,3.1177419354838714,110.1,3.209999999999998,225.3498494982135,62.59718041617041
전북,2024,1,1.3338709677419356,142.20999999999998,-90.41,318.8521037558843,88.57002882107896
전북,2024,2,4.69448275862069,110.44000000000001,-7.459999999999999,299.81816516244714,83.28282365623531
전북,2024,3,6.756129032258064,189.94,-79.52000000000001,576.3020937361989,160.08391492672192
전북,2024,4,14.927000000000001,184.07,-109.75,733.4239022738642,203.72886174274004
전북,2024,5,16.357402376910017,247.41,-66.84,886.0555651466066,246.12654587405737
전북,2024,6,22.635666666666665,214.5,-73.5,876.2618961898012,243.4060822749447
전북,2024,7,26.744838709677417,120.57000000000001,280.59000000000003,270.8716647551068,75.24212909864077
전북,2024,8,28.07806451612903,234.19,-64.52000000000001,885.5803039488698,245.99452887468607
전북,2024,9,25.488333333333333,192.32999999999998,29.169999999999998,569.0654170772335,158.0737269658982
전북,2024,10,16.218387096774194,149.94,-58.77,460.4375103421423,127.89930842837286
전북,2024,11,9.652,156.15,-93.77000000000001,372.3078709956365,103.41885305434346
전북,2024,12,2.025483870967742,132.62,-102.31,293.6417203951915,81.56714455421987
제주,2020,1,8.721774193548388,94.625,-42.425000000000004,284.45375614924205,79.01493226367833
제주,2020,2,9.00948275862069,153.875,-68.6,427.94489929597626,118.87358313777118
제주,2020,3,11.323387096774194,212.0,-79.07499999999999,656.2701239853851,182.29725666260697
제주,2020,4,12.990833333333333,270.025,-142.85,949.351167843248,263.70865773423554
제주,2020,5,18.270967741935483,201.725,-22.925000000000004,748.6384626391023,207.95512851086175
제주,2020,6,22.0225,159.375,169.425,439.460606942623,122.07239081739527
제주,2020,7,23.575,121.775,206.65,355.630170800742,98.78615855576166
제주,2020,8,28.093548387096774,220.65,7.125000000000004,761.006677656007,211.39074379333525
제주,2020,9,22.465,159.8,244.375,286.0673178464253,79.46314384622924
제주,2020,10,18.15806451612903,210.525,-173.25,701.4183565107483,194.83843236409672
제주,2020,11,14.195833333333333,157.9,-132.2,443.6850958676305,123.24585996323069
제주,2020,12,7.612096774193548,147.025,-129.95,368.47885813353093,102.35523837042525
제주,2021,1,6.684677419354839,135.9,-28.275,316.8153992580536,88.00427757168157
제주,2021,2,9.295535714285714,160.65,-89.35,445.50938392265834,123.75260664518287
제주,2021,3,12.50725806451613,192.15,-32.425000000000004,575.8701541130768,159.9639316980769
제주,2021,4,15.364166666666666,230.2,-73.075,786.8131518433922,218.55920884538673
제주,2021,5,18.57741935483871,234.45,3.799999999999997,766.4967967638737,212.91577687885382
제주,2021,6,22.739166666666666,197.75,12.324999999999994,718.941827274724,199.70606313186778
제주,2021,7,26.918548387096774,168.775,64.4,619.7978397694017,172.16606660261158
제주,2021,8,26.664516129032258,186.4,188.925,437.2344375014602,121.45401041707228
제주,2021,9,24.475,154.55,365.3,148.48479344369628,41.2457759565823
제주,2021,10,19.9741935483871,222.875,-164.875,730.0442353043147,202.79006536230963
제주,2021,11,13.803333333333333,183.825,-121.35,472.6920801260929,131.30335559058136
제주,2021,12,8.808064516129033,147.025,-136.125,377.04863032907053,104.73573064696403
제주,2022,1,6.325806451612903,139.125,-152.7,393.45266352456724,109.29240653460201
제주,2022,2,5.394642857142857,137.775,-121.0,420.24500702152085,116.73472417264468
제주,2022,3,11.470161290322581,171.22500000000002,-39.625,546.335092056444,151.75974779345665
제주,2022,4,15.4175,229.05,-98.4,820.7004093896759,227.97233594157663
제주,2022,5,18.870967741935484,250.04999999999998,-212.45,1142.0475464604951,317.23542957235975
제주,2022,6,22.634999999999998,158.875,73.725,574.8633689521864,159.6842691533851
제주,2022,7,27.298387096774196,213.2,89.075,653.6977455955868,181.5827071098852
제주,2022,8,28.101612903225806,225.0,31.349999999999998,736.7089231241002,204.6413675344723
제주,2022,9,24.00583333333333,144.72500000000002,198.27499999999998,320.7071606777683,89.08532241049119
제주,2022,10,18.349193548387095,204.6,-182.875,706.5733888870607,196.27038580196128
제주,2022,11,15.44,180.85,-66.275,434.0646505025992,120.57351402849977
제주,2022,12,6.795967741935484,101.0,-100.675,295.6187525825135,82.1163201618093
제주,2023,1,6.709677419354838,125.575,-86.55,337.70395029641486,93.80665286011524
제주,2023,2,7.983035714285714,137.225,-43.325,375.3622392977245,104.26728869381236
제주,2023,3,12.39516129032258,203.9,-131.875,704.4545703383606,195.68182509398903
제주,2023,4,15.225,201.85,-27.249999999999993,674.4800115778576,187.3555587716271
제주,2023,5,18.46290322580645,166.35,277.575,291.36796058367884,80.93554460657745
제주,2023,6,22.321666666666665,153.39999999999998,166.325,437.347105310923,121.48530703081194
제주,2023,7,26.615322580645163,97.075,222.0,322.3586717108887,89.54407547524686
제주,2023,8,27.949193548387097,248.1,61.175,721.143488264675,200.31763562907642
제주,2023,9,25.39666666666667,196.525,-8.4,640.5996826770381,177.94435629917723
제주,2023,10,19.19758064516129,232.325,-196.95,779.3148722336451,216.47635339823475
제주,2023,11,13.709166666666667,152.35,-95.0,410.5203230142962,114.03342305952673
제주,2023,12,9.404838709677419,91.275,-45.3,263.57204597796056,73.21445721610016
제주,2024,1,7.804838709677419,117.45,-74.1,324.68575871490464,90.19048853191795
제주,2024,2,9.677586206896553,78.875,82.1,240.34884951183727,66.76356930884367
제주,2024,3,10.67741935483871,169.3,-18.975,519.9524036399755,144.43122323332653
제주,2024,4,16.175833333333333,148.55,52.575,501.66715759819147,139.35198822171984
제주,2024,5,18.648387096774194,248.75,-57.95,892.3086456871861,247.86351269088502
제주,2024,6,22.2525,138.52499999999998,306.775,245.86356443766493,68.29543456601803
제주,2024,7,27.354032258064514,148.475,67.0,588.1748313579517,163.38189759943103
제주,2024,8,29.30725806451613,265.5,-83.77499999999999,1006.7666908933751,279.6574141370486
제주,2024,9,27.389166666666664,171.575,-8.249999999999996,607.0531660071009,168.62587944641692
제주,2024,10,20.939516129032256,116.075,37.95,372.35683052278193,103.43245292299497
제주,2024,11,15.089166666666667,137.875,163.875,224.13899172023295,62.26083103339804
제주,2024,12,8.370161290322581,121.65,-122.375,335.47881359172914,93.18855933103586
충남,2020,1,1.885483870967742,143.36666666666667,-134.75,336.5552967894028,93.48758244150078
충남,2020,2,2.5965517241379312,178.98333333333335,-66.8,404.62146259222465,112.3948507200624
충남,2020,3,6.930645161290322,242.26666666666665,-205.6833333333333,791.2122891335022,219.78119142597282
충남,2020,4,9.961666666666666,284.8,-197.6,1009.2809393369679,280.35581648249104
충남,2020,5,17.374193548387094,200.9333333333333,-43.1,761.1417715388303,211.42826987189733
충남,2020,6,22.40222222222222,186.8166666666667,54.449999999999996,632.8265336451586,175.7851482347663
충남,2020,7,22.34569892473118,95.23333333333333,327.65000000000003,196.12152364083042,54.478201011341774
충남,2020,8,26.50483870967742,122.23333333333333,298.1333333333333,229.14687899288947,63.65191083135819
충남,2020,9,20.317222222222224,169.08333333333334,39.88333333333333,491.56208508431183,136.54502363453108
충남,2020,10,13.108064516129033,209.70000000000002,-206.38333333333333,659.4620160632613,183.18389335090595
충남,2020,11,7.835555555555556,167.08333333333334,-133.54999999999998,393.98559608260126,109.44044335627812
충남,2020,12,0.0026881720430107134,168.71666666666667,-169.95000000000002,350.090170925808,97.24726970161335
충남,2021,1,-1.7532258064516129,173.13333333333333,-115.95,346.4878671443312,96.24662976231421
충남,2021,2,2.8166666666666664,187.28333333333333,-153.43333333333334,469.7441872825634,130.4844964673787
충남,2021,3,7.997849462365591,203.66666666666666,-111.10000000000001,625.2941181329148,173.69281059247635
충남,2021,4,13.093333333333334,214.6,-119.46666666666665,783.5176983503503,217.64380509731953
충남,2021,5,16.326344086021507,194.88333333333333,22.583333333333332,652.6472564166451,181.2909045601792
충남,2021,6,22.012777777777774,200.54999999999998,-84.38333333333334,857.2592139163436,238.12755942120657
충남,2021,7,26.43172043010753,220.9333333333333,12.25,779.908094142961,216.64113726193355
충남,2021,8,24.921505376344086,143.5,149.18333333333334,427.2173962503946,118.67149895844294
충남,2021,9,21.657777777777778,169.43333333333334,58.98333333333333,480.47207752371924,133.4644659788109
충남,2021,10,14.846236559139784,192.91666666666666,-123.41666666666667,569.1535656659482,158.0982126849856
충남,2021,11,7.374444444444445,159.15,-68.73333333333333,344.85447011772476,95.79290836603467
충남,2021,12,1.4000000000000001,159.76666666666665,-142.78333333333333,331.36893384596436,92.04692606832343
충남,2022,1,-1.7876344086021507,204.5,-180.91666666666666,419.82742775260743,116.61872993127982
충남,2022,2,-0.7571428571428571,204.33333333333334,-153.51666666666668,476.4240117889903,132.34000327471952
충남,2022,3,6.902150537634409,171.6,-122.38333333333333,577.948003375844,160.54111204884552
충남,2022,4,12.941666666666668,248.96666666666667,-150.08333333333334,890.4036071922864,247.3343353311906
충남,2022,5,17.36505376344086,312.26666666666665,-219.75,1275.6504517203964,354.3473477001101
충남,2022,6,22.656111111111112,163.26666666666668,64.46666666666667,586.2536139073078,162.84822608536328
충남,2022,7,26.122580645161293,179.4,23.96666666666667,686.4320687875888,190.6755746632191
충남,2022,8,25.103763440860217,122.38333333333333,385.23333333333335,132.78596413158212,36.88499003655059
충남,2022,9,21.096666666666668,179.0,-70.76666666666667,635.7897896696501,176.60827490823613
충남,2022,10,12.308602150537636,172.33333333333334,-96.96666666666665,501.5682834836923,139.32452318991452
충남,2022,11,8.941666666666668,185.04999999999998,-149.23333333333332,434.02830396855205,120.56341776904223
충남,2022,12,-2.2005376344086023,154.18333333333334,-111.88333333333333,298.70947290494263,82.97485358470628
충남,2023,1,-1.232258064516129,191.75,-138.56666666666666,381.71254312649825,106.03126197958284
충남,2023,2,1.4845238095238094,186.61666666666667,-214.66666666666666,506.40528584772187,140.66813495770052
충남,2023,3,8.423118279569893,244.6,-243.51666666666668,844.8289824312177,234.6747173420049
충남,2023,4,12.86,196.35,-124.98333333333335,753.7998624878784,209.38885069107732
충남,2023,5,18.03978494623656,210.66666666666666,-3.799999999999997,727.9105276303717,202.19736878621438
충남,2023,6,22.489444444444445,222.5,-23.416666666666668,810.7388750517974,225.20524306994375
충남,2023,7,25.670967741935485,150.06666666666666,566.5166666666667,-84.9816549389369,-23.606015260815806
충남,2023,8,26.563978494623655,202.33333333333334,65.96666666666667,625.0364910793935,173.62124752205375
충남,2023,9,22.56277777777778,157.95000000000002,90.56666666666666,434.55187650417355,120.70885458449264
충남,2023,10,14.576881720430109,212.53333333333333,-189.03333333333333,661.6558484799343,183.7932912444262
충남,2023,11,7.543333333333333,127.43333333333334,-67.48333333333333,308.71772009788873,85.75492224941354
충남,2023,12,2.1795698924731184,82.83333333333333,-9.316666666666668,195.01819981100866,54.171722169724625
충남,2024,1,-0.3043010752688173,148.41666666666666,-119.68333333333334,326.7475067086163,90.76319630794897
충남,2024,2,3.71264367816092,102.03333333333335,-25.066666666666666,291.5936228566039,80.99822857127884
충남,2024,3,6.48763440860215,191.8166666666667,-132.06666666666666,620.4118931378653,172.33663698274037
충남,2024,4,14.760555555555555,200.33333333333334,-134.25,788.8970307290697,219.13806409140827
충남,2024,5,17.239247311827956,266.9166666666667,-60.800000000000004,908.6231229564582,252.39531193234947
충남,2024,6,22.705,269.3,-88.68333333333334,1010.410050338392,280.6694584273311
충남,2024,7,26.263440860215056,125.46666666666665,457.5333333333333,52.42474072529658,14.562427979249051
충남,2024,8,28.19301075268817,234.48333333333335,-57.050000000000004,869.8458382944033,241.62384397066762
충남,2024,9,25.16388888888889,187.79999999999998,97.91666666666667,474.08980476058474,131.69161243349575
충남,2024,10,15.76774193548387,150.93333333333334,-70.06666666666666,460.16117808929545,127.82254946924873
충남,2024,11,9.239444444444445,172.75,-109.0,390.5045528456098,108.47348690155826
충남,2024,12,1.4026881720430107,149.41666666666666,-119.18333333333334,308.7210730339677,85.75585362054657
충북,2020,1,1.0219354838709678,138.74,-120.58,322.1107546091129,89.47520961364248
충북,2020,2,2.026206896551724,179.85999999999999,-85.0,417.333329749276,115.92592493035446
충북,2020,3,7.004516129032258,235.04000000000002,-191.88,764.2474354738993,212.29095429830537
충북,2020,4,10.152,267.15999999999997,-184.98,957.7674690676597,266.04651918546097
충북,2020,5,17.628387096774194,213.66,-53.9,803.1985328234011,223.11070356205582
충북,2020,6,22.980666666666664,198.26,1.3199999999999945,733.4559019490752,203.73775054140975
충북,2020,7,22.649677419354838,98.97999999999999,324.88,201.36001504513226,55.93333751253674
충북,2020,8,25.898709677419355,126.38000000000002,409.7,115.26405455643162,32.01779293234212
충북,2020,9,17.735333333333337,157.6,7.619999999999999,501.67276174134696,139.35354492815193
충북,2020,10,12.118709677419355,216.28000000000003,-226.61999999999998,685.6091108948561,190.44697524857116
충북,2020,11,6.873333333333333,172.38,-164.26,417.3595336922869,115.93320380341302
충북,2020,12,-1.8,179.98000000000002,-212.56,380.0561611254742,105.57115586818729
충북,2021,1,-3.027741935483871,175.8,-131.1,354.47219829578563,98.46449952660711
충북,2021,2,2.0635714285714286,194.2,-164.22,484.91021242479,134.69728122910834
충북,2021,3,8.02516129032258,204.48,-100.4,616.6590909553013,171.29419193202816
충북,2021,4,12.975333333333333,219.34,-117.97999999999999,791.0876531967019,219.7465703324172
충북,2021,5,16.046451612903226,184.5,45.160000000000004,604.4790068354785,167.91083523207735
충북,2021,6,21.838,193.18,-35.8,770.1926293118847,213.9423970310791
충북,2021,7,26.024516129032257,216.26,61.17999999999999,692.1283149289658,192.25786525804602
충북,2021,8,24.143870967741936,130.16,162.66,391.38127498612425,108.71702082947895
충북,2021,9,20.656,156.92000000000002,40.38,479.45449744041207,133.1818048445589
충북,2021,10,13.066451612903226,185.8,-135.74,561.7118202139768,156.0310611705491
충북,2021,11,6.8,164.88,-143.0,396.8275386337567,110.2298718427102
충북,2021,12,0.08774193548387091,173.34,-173.12,358.8799796947477,99.68888324854103
충북,2022,1,-5.409050179211469,183.28333333333333,-170.11666666666667,386.49424681340514,107.35951300372365
충북,2022,2,-1.567857142857143,216.91666666666666,-171.70000000000002,504.1565173734179,140.04347704817164
충북,2022,3,6.832795698924731,178.8166666666667,-105.34999999999998,574.2212860167889,159.50591278244136
충북,2022,4,13.385,254.33333333333334,-157.36666666666667,916.0220891091558,254.4505803080988
충북,2022,5,17.805913978494623,306.8,-211.46666666666667,1254.1136806138145,348.36491128161515
충북,2022,6,22.63888888888889,173.51666666666665,13.416666666666659,672.9794807447867,186.93874465132964
충북,2022,7,25.81290322580645,166.01666666666665,111.71666666666665,541.6572635123347,150.46035097564848
충북,2022,8,23.998924731182797,118.68333333333334,379.81666666666666,135.6824332014768,37.689564778188
충북,2022,9,20.327777777777776,186.8166666666667,-90.14999999999999,668.9926168426896,185.83128245630266
충북,2022,10,12.793548387096772,201.3166666666667,-112.58333333333333,563.2813817526107,156.4670504868363
충북,2022,11,7.868333333333333,193.71666666666667,-145.16666666666666,439.0573259269713,121.9603683130476
충북,2022,12,-3.9263440860215053,162.43333333333334,-161.06666666666666,326.68866164426936,90.74685045674148
충북,2023,1,-2.5172043010752687,189.5666666666667,-152.61666666666667,383.626909497993,106.56303041610916
충북,2023,2,1.2357142857142858,181.6833333333333,-202.86666666666667,490.35795753079606,136.21054375855445
충북,2023,3,8.774731182795698,245.25,-228.1833333333333,832.4200643394801,231.22779564985555
충북,2023,4,12.832777777777778,193.96666666666667,-126.2,751.5871915179237,208.77421986608988
충북,2023,5,18.10860215053763,228.29999999999998,-18.61666666666667,778.3650680369373,216.21251889914922
충북,2023,6,22.67222222222222,213.6,44.76666666666666,692.2328837357312,192.2869121488142
충북,2023,7,25.41989247311828,138.93333333333334,530.1333333333333,-42.60737898809679,-11.835383052249112
충북,2023,8,26.20215053763441,175.78333333333333,118.51666666666667,511.3945345565028,142.05403737680635
충북,2023,9,21.96666666666667,158.54999999999998,78.61666666666666,447.2192741997501,124.22757616659725
충북,2023,10,13.387634408602151,205.53333333333333,-204.6833333333333,659.1480784220313,183.09668845056422
충북,2023,11,6.3438888888888885,177.38333333333333,-108.08333333333333,388.63847146553917,107.95513096264976
충북,2023,12,0.7096774193548386,124.75,-53.73333333333333,252.01494127058427,70.00415035294007
충북,2024,1,-0.785483870967742,151.76666666666668,-133.38333333333333,337.29393606235817,93.6927600173217
충북,2024,2,3.1074712643678164,97.39999999999999,-41.9,294.4163886028363,81.78233016745453
충북,2024,3,6.217204301075269,196.83333333333334,-110.85000000000001,608.396975384815,168.9991598291153
충북,2024,4,15.130555555555555,198.96666666666667,-141.56666666666666,798.4606055055838,221.79461264043994
충북,2024,5,17.421505376344086,266.81666666666666,-64.76666666666667,917.130985097042,254.75860697140055
충북,2024,6,22.780555555555555,257.3666666666667,-81.28333333333333,974.1281440018512,270.5911511116253
충북,2024,7,25.877956989247313,116.18333333333334,407.18333333333334,111.9094635706187,31.085962102949637
충북,2024,8,26.80322580645161,193.85,-72.41666666666667,800.5216752852457,222.36713202367935
충북,2024,9,21.36277777777778,166.76666666666668,65.38333333333333,470.09703401536825,130.58250944871338
충북,2024,10,14.91989247311828,134.56666666666666,-51.51666666666667,420.24496493005535,116.73471248057092
충북,2024,11,8.53111111111111,163.29999999999998,-118.61666666666667,383.6750897369249,106.57641381581247
충북,2024,12,0.19086021505376335,178.73333333333335,-157.15,356.765507336246,99.10152981562389
