시도	날짜	풍속	기온	일조시간	일사량	발전설비	발전량
강원	2020년 1월	1.568663594	0.733164363	159.4428571	127.2514286	828.712644	"65,226.25"
강원	2020년 2월	1.721498944	1.731113652	180.1785714	166.0957143	874.382058	"80,782.37"
강원	2020년 3월	1.959907834	6.523041475	241.85	257.4	874.382058	"118,704.51"
강원	2020년 4월	2.201904762	9.640952381	250.7571429	296.8028571	896.014238	"129,195.14"
강원	2020년 5월	1.770737327	16.74516129	211.2785714	297.725	934.947421	"120,386.6"
강원	2020년 6월	1.66952381	22.41714286	224.9214286	312.8264286	969.734198	"128,637.54"
강원	2020년 7월	1.456912442	21.77327189	143.5928571	239.5778571	1017.516595	"103,794.64"
강원	2020년 8월	1.41843318	25.05990783	114.0428571	187.1392857	1031.37595	"80,452.04"
강원	2020년 9월	1.763095238	18.67	151.6142857	202.8357143	1030.54495	"94,503.37"
강원	2020년 10월	1.298156682	11.86359447	208.8428571	206.5121429	1071.573514	"119,059.25"
강원	2020년 11월	1.626904762	6.990952381	180.7071429	145.0728571	1099.752599	"93,841.05"
강원	2020년 12월	1.644930876	-1.525637481	194.1071429	137.0292857	1141.974069	"79,276.8"
강원	2021년 1월	1.785483871	-3.423655914	181.1571429	139.9478571	1155.302637	"89,760.12"
강원	2021년 2월	2.03877551	1.804365079	197.1928571	176.95	1193.169657	"121,608.83"
강원	2021년 3월	1.727419355	7.300921659	205.1571429	232.2971429	1238.968837	"143,234.98"
강원	2021년 4월	1.861190476	11.93142857	221.5642857	283.7557143	1257.961307	"168,182.65"
강원	2021년 5월	1.707142857	15.50414747	201.8142857	285.975	1257.478607	"158,589.59"
강원	2021년 6월	1.407857143	20.56880952	184.2857143	290.8078571	1263.089605	"156,917.38"
강원	2021년 7월	1.203917051	25.29953917	236.1428571	335.6821429	1306.523258	"175,399.9"
강원	2021년 8월	1.333179724	23.440553	122.0928571	215.5292857	1321.043733	"122,200.59"
강원	2021년 9월	1.353087028	19.90142857	163.75	218.3728571	1343.139718	"134,279.85"
강원	2021년 10월	1.198156682	13.58525346	157.3571429	171.3228571	1362.141523	"120,398.55"
강원	2021년 11월	1.70047619	6.903333333	171.9428571	139.9535714	1368.931733	"106,350.75"
강원	2021년 12월	1.810599078	0.058571429	179.4357143	129.27	1396.092338	"100,205.3"
강원	2022년 1월	1.394700461	-2.941013825	202.5928571	153.77	1418.701243	"123,900.45"
강원	2022년 2월	2.015306122	-1.890608466	216.9642857	192.2385714	1444.748478	"152,963.24"
강원	2022년 3월	1.752534562	6.238248848	187.6928571	215.2614286	1461.727363	"157,144.74"
강원	2022년 4월	1.91	13.21261905	252.25	305.4121429	1469.664868	"212,047.22"
강원	2022년 5월	1.823502304	17.27557604	285.0071429	360.5021429	1481.221243	"232,756.74"
강원	2022년 6월	1.69819376	21.27666667	164.2357143	256.6242857	1504.952843	"162,953.25"
강원	2022년 7월	1.166129032	24.79331797	161.5357143	274.0185714	1512.892198	"167,842.96"
강원	2022년 8월	1.294930876	24.01766513	124.7	212.0428571	1554.561193	"134,835.4"
강원	2022년 9월	1.399285714	19.36285714	184.45	240.1528571	1548.943263	"166,621.62"
강원	2022년 10월	1.301382488	12.25898618	158.9357143	182.9828571	1554.600983	"145,915.52"
강원	2022년 11월	1.283095238	8.212380952	174.3785714	142.5028571	1561.876336	"125,943.43"
강원	2022년 12월	1.742165899	-3.578248848	179.25	130.3635714	1567.163191	"94,968.96"
강원	2023년 1월	1.496543779	-2.682718894	178.2142857	144.3885714	1583.649801	"102,653.16"
강원	2023년 2월	1.430102041	0.956831066	178.3714286	168.9471429	1598.892621	"148,092.61"
강원	2023년 3월	1.598387097	8.257603687	232.3857143	248.5257143	1608.145986	"204,305.78"
강원	2023년 4월	1.925714286	12.1727422	197.5428571	259.2371429	1627.645121	"191,988.9"
강원	2023년 5월	1.56359447	17.19815668	234.8928571	317.5278571	1632.218446	"226,017.19"
강원	2023년 6월	1.475952381	21.60534392	222.7357143	313.72	1638.664186	"215,012.93"
강원	2023년 7월	1.301052227	25.16044547	163.6214286	267.7257143	1649.203831	"179,363.29"
강원	2023년 8월	1.320686124	24.99792627	162.4	245.505	1661.431861	"176,589.42"
강원	2023년 9월	1.176904762	21.02785714	155.2071429	212.3692857	1672.334851	"164,846.45"
강원	2023년 10월	1.234331797	13.18064516	192.2714286	199.615	1688.032884	"175,622.37"
강원	2023년 11월	1.848095238	6.313095238	177.9357143	144.6135714	1720.143398	"138,887.55"
강원	2023년 12월	1.678555538	-0.026282642	151.1714286	114.0428571	1728.020078	"96,956.61"
강원	2024년 1월	1.593087558	-1.347473118	167.0642857	139.5871429	1741.239588	"121,713.1"
강원	2024년 2월	1.402463054	1.687121745	97.38571429	125.6464286	1752.767788	"100,075.53"
강원	2024년 3월	1.783640553	5.108064516	188.2214286	223.4907143	1769.478538	"198,274.89"
강원	2024년 4월	1.62047619	14.07902651	202.3285714	309.0835714	1777.240598	"223,892.55"
강원	2024년 5월	1.7640553	17.01612903	255.8285714	471.8678571	1788.360783	"268,657.82"
강원	2024년 6월	1.419285714	22.3152381	257.0357143	488.0485714	1801.286718	"260,510.92"
강원	2024년 7월	1.728571429	25.6218894	129.3071429	335.2757143	1828.951638	"171,553.67"
강원	2024년 8월	1.355299539	26.98030722	223.6928571	417.9285714	1844.106523	"228,847.2"
강원	2024년 9월	1.381428571	22.3547619	141.3785714	282.0128571	1849.104533	"172,301.41"
강원	2024년 10월	1.243317972	14.3218894	132.4214286	218.8371429	1873.011033	"156,541.36"
강원	2024년 11월	1.430714286	8.160714286	147.9571429	170.9607143	1879.015063	"136,185.09"
강원	2024년 12월	1.815829493	-0.377666228	183.0357143	178.5821429	1890.700508	"144,762.88"
경기	2020년 1월	1.185806452	0.590967742	171.82	157.06	688.806916	"51,912.46"
경기	2020년 2월	1.417931034	1.758103448	175.4	185.376	711.133594	"60,680.35"
경기	2020년 3월	1.853548387	6.907741935	248.14	308.384	711.133594	"95,588.14"
경기	2020년 4월	2.104	10.336	282.62	369.388	722.15432	"109,507.84"
경기	2020년 5월	1.48516129	17.34322581	192.26	325.718	753.261425	"96,252.98"
경기	2020년 6월	1.458	22.95733333	220.02	362.204	771.263625	"102,305.61"
경기	2020년 7월	1.388387097	23.21354839	142.32	282.978	785.909025	"80,254.89"
경기	2020년 8월	1.476129032	25.77870968	99.02	206.032	800.033374	"64,510.23"
경기	2020년 9월	1.474	19.94533333	181.54	265.044	818.844733	"86,640.55"
경기	2020년 10월	1.098064516	12.38322581	224.48	247.838	839.467942	"92,308.15"
경기	2020년 11월	1.33	6.627333333	172.78	162.694	853.779796	"66,707.95"
경기	2020년 12월	1.296129032	-1.65516129	197.22	158.352	893.390091	"63,130.39"
경기	2021년 1월	1.456129032	-3.676774194	187.56	160.94	904.322205	"66,537.36"
경기	2021년 2월	1.770714286	1.617857143	193.24	198.464	932.040565	"85,837.05"
경기	2021년 3월	1.550322581	7.896129032	220.94	278.742	974.163415	"112,209.13"
경기	2021년 4월	1.730666667	13.16333333	222.9	328.814	986.870965	"126,309.41"
경기	2021년 5월	1.552258065	16.06	199.92	331.03	986.394045	"121,257.92"
경기	2021년 6월	1.297333333	21.856	199.34	341.518	1008.170735	"124,658.24"
경기	2021년 7월	1.183225806	26.63935484	233.58	369.94	1037.859125	"133,539.61"
경기	2021년 8월	1.216774194	24.65548387	145.78	270.92	1049.393455	"101,949.02"
경기	2021년 9월	1.324666667	21.23	182.42	271.154	1087.561735	"109,733.12"
경기	2021년 10월	1.080645161	14.16258065	176.54	215.304	1087.163885	"98,738.26"
경기	2021년 11월	1.209333333	6.704666667	162.36	157.328	1094.38602	"76,244.21"
경기	2021년 12월	1.383870968	-0.558709677	177.7	148.79	1107.338835	"76,561.7"
경기	2022년 1월	1.184516129	-3.34655914	206.36	178.932	1103.116435	"92,907.6"
경기	2022년 2월	1.732142857	-1.993571429	211.88	217.56	1113.80648	"113,260.35"
경기	2022년 3월	1.576129032	6.630322581	179.78	250.556	1123.96003	"118,872.02"
경기	2022년 4월	1.676	13.44533333	254.96	361.324	1137.54205	"163,250.8"
경기	2022년 5월	1.676129032	17.64709677	293.12	434.152	1169.98391	"185,157.52"
경기	2022년 6월	1.631333333	22.21733333	152.38	277.034	1200.52175	"123,226.05"
경기	2022년 7월	1.232903226	26.07976344	172.56	324.848	1202.72103	"138,579.39"
경기	2022년 8월	1.278064516	24.7083871	132.76	258.306	1232.32139	"111,645.38"
경기	2022년 9월	1.144	20.50066667	199.42	288.046	1237.203615	"136,097.28"
경기	2022년 10월	0.993548387	12.88	201.96	238.266	1239.521525	"126,260.34"
경기	2022년 11월	1.01	8.17	175.04	166.98	1261.98519	"95,528.35"
경기	2022년 12월	1.144516129	-4.603225806	189.38	159.32	1277.785695	"72,361.68"
경기	2023년 1월	1.146451613	-3.075204301	185.42	166.748	1308.62329	"96,125.05"
경기	2023년 2월	1.197857143	0.987857143	188.32	210.644	1329.782655	"122,294.1"
경기	2023년 3월	1.485806452	8.375483871	237.62	298.918	1340.95741	"163,063.01"
경기	2023년 4월	1.656666667	12.79347126	185.54	295.356	1336.72006	"153,173.97"
경기	2023년 5월	1.375483871	18.1116129	230.48	378.948	1351.12463	"185,172.38"
경기	2023년 6월	1.322666667	22.37933333	199	352.216	1372.05338	"173,452.59"
경기	2023년 7월	1.283225806	25.62516129	152.36	304.272	1388.279015	"144,538.02"
경기	2023년 8월	1.220645161	26.01741935	171.88	300.462	1402.55221	"153,068.94"
경기	2023년 9월	1.026666667	22.18266667	157.36	260.04	1411.547885	"138,017.89"
경기	2023년 10월	0.95483871	13.63677419	192.62	244.758	1433.29132	"145,965.18"
경기	2023년 11월	1.565333333	5.867333333	163.8	162.838	1455.46152	"109,547.6"
경기	2023년 12월	1.321290323	0.005612903	139.58	131.59	1481.509595	"80,692.65"
경기	2024년 1월	1.247096774	-1.578064516	161.36	160.906	1511.556115	"106,585.17"
경기	2024년 2월	1.29862069	2.799310345	111.78	155.642	1550.697621	"100,112.41"
경기	2024년 3월	1.729032258	5.984516129	201.22	279.156	1571.061826	"185,606.73"
경기	2024년 4월	1.392	15.09333333	206.6	324.62	1598.483396	"199,152.49"
경기	2024년 5월	1.478064516	17.35806452	244.94	390.158	1605.138601	"238,659.78"
경기	2024년 6월	1.318666667	22.984	271.26	426.332	1628.362126	"247,094.64"
경기	2024년 7월	1.574193548	25.7730812	96.58	255.362	1693.979676	"160,177.87"
경기	2024년 8월	1.141935484	27.84580645	208	343.864	1728.143276	"218,613.86"
경기	2024년 9월	1.160666667	23.95666667	168.34	262.744	1732.094476	"180,557"
경기	2024년 10월	0.980645161	14.87225806	150.9	214.494	1786.045411	"157,946"
경기	2024년 11월	1.064666667	8.106	166.92	173.062	1817.457911	"135,637.64"
경기	2024년 12월	1.185806452	-0.928387097	186.74	165.258	1849.805241	"135,941.28"
경남	2020년 1월	1.481105991	3.979032258	145.9571429	117.6464286	745.952045	"56,549.76"
경남	2020년 2월	1.600492611	5.153779941	198.2642857	175.9964286	776.5829	"78,339.43"
경남	2020년 3월	1.849078341	9.215437788	235.8857143	264.8385714	776.5829	"102,978.29"
경남	2020년 4월	1.987783251	11.80612297	262.75	313.2164286	786.758983	"115,971.25"
경남	2020년 5월	1.601152074	18.32396313	217.7642857	307.7828571	821.973102	"105,652.07"
경남	2020년 6월	1.444047619	23.15619048	217.0285714	313.1557143	834.412652	"102,720.43"
경남	2020년 7월	1.161751152	22.73870968	84.95	186.4921429	864.794982	"67,347.07"
경남	2020년 8월	1.530768049	27.30374808	176.7071429	260.7564286	888.065787	"91,718.55"
경남	2020년 9월	1.499835796	20.8352381	144.6857143	202.2471429	908.411157	"84,362.57"
경남	2020년 10월	1.314976959	15.06520737	219.9428571	224.8821429	938.178077	"110,370.44"
경남	2020년 11월	1.449285714	9.852380952	182.0714286	157.0407143	956.900937	"85,043.98"
경남	2020년 12월	1.625	2.047576672	197.1357143	152.2435714	985.509244	"84,670.49"
경남	2021년 1월	1.691816304	1.226835637	185.4571429	156.6642857	991.23525	"89,630.37"
경남	2021년 2월	1.956632653	5.22755102	188.9571429	185.8357143	1028.950965	"104,408.64"
경남	2021년 3월	1.715445469	10.25921659	211.7214286	248.2721429	1064.765265	"126,679.59"
경남	2021년 4월	1.819285714	14.08495074	236.9928571	303.8028571	1073.948085	"146,482.17"
경남	2021년 5월	1.710652842	17.77166667	204.1928571	296.32	1081.165095	"137,507.8"
경남	2021년 6월	1.317372742	22.28900657	190.3357143	295.7414286	955.958225	"130,981.65"
경남	2021년 7월	1.379193548	26.32580645	191.1214286	294.3435714	1122.52971	"131,958.94"
경남	2021년 8월	1.315847414	25.87654378	154.4357143	245.0078571	1135.21634	"113,859.25"
경남	2021년 9월	1.308390844	22.0752381	108.3071429	181.2514286	1153.234644	"93,931.2"
경남	2021년 10월	1.189861751	16.42538402	202.1357143	212.9507143	1168.889684	"123,199.86"
경남	2021년 11월	1.398407225	9.439285714	187.4428571	160.0021429	1185.428214	"102,115.98"
경남	2021년 12월	1.76359447	3.509677419	199.1214286	152.7957143	1244.116949	"108,576.89"
경남	2022년 1월	1.531797235	1.366359447	209.7785714	173.4071429	1268.899444	"123,700.39"
경남	2022년 2월	2.135204082	1.980357143	223.2642857	209.3464286	1282.677039	"142,179.83"
경남	2022년 3월	1.720046083	9.363364055	192.6785714	235.1042857	1324.420794	"150,658.56"
경남	2022년 4월	1.593095238	14.66642857	232.5285714	299.0107143	1333.865759	"178,698.95"
경남	2022년 5월	1.607373272	19.11039171	289.3785714	380.9185714	1355.255104	"211,406.41"
경남	2022년 6월	1.8	22.69519704	175.7142857	278.2685714	1386.548189	"156,365.28"
경남	2022년 7월	1.366129032	26.64285714	181.3	285.6242857	1370.776929	"155,602.28"
경남	2022년 8월	1.423271889	26.17557604	145.1142857	236.7207143	1394.284824	"134,026.48"
경남	2022년 9월	1.430291005	21.83809524	146.8428571	212.8957143	1374.560399	"137,286.88"
경남	2022년 10월	1.404032258	15.42001317	220.4214286	221.8914286	1382.431869	"163,119.57"
경남	2022년 11월	1.204285714	11.00214286	192.8214286	162.4628571	1420.249009	"125,448.4"
경남	2022년 12월	1.698156682	1.071021505	197.4714286	150.4228571	1445.550644	"121,086.56"
경남	2023년 1월	1.665668203	1.447196621	204.7571429	177.9885714	1467.819694	"137,044.81"
경남	2023년 2월	1.444897959	4.424234694	175.65	205.2928571	1481.95014	"141,396.48"
경남	2023년 3월	1.495040639	10.73772887	215.1642857	279.07	1495.25172	"183,099.5"
경남	2023년 4월	1.822857143	14.04642857	200.1571429	302.1728571	1504.630685	"182,988.76"
경남	2023년 5월	1.492857143	18.12386329	187.85	313.5478571	1516.67638	"181,122.2"
경남	2023년 6월	1.426190476	22.87238095	197.9785714	341.6785714	1533.40172	"191,906.09"
경남	2023년 7월	1.293317972	25.80050691	120.2071429	260.8914286	1552.387005	"143,608.11"
경남	2023년 8월	1.350668203	27.39018751	200.9785714	319.3357143	1560.28081	"178,204.55"
경남	2023년 9월	1.093415435	23.60341544	151.4357143	242.2257143	1566.044045	"149,106.28"
경남	2023년 10월	1.178571429	15.82379416	220.7071429	259.0257143	1581.60844	"181,723.12"
경남	2023년 11월	1.697380952	9.585952381	191.5	191.9321429	1606.274975	"147,691.45"
경남	2023년 12월	1.52235023	4.151313364	169.0428571	153.7407143	1626.497965	"122,097.11"
경남	2024년 1월	1.56843318	2.800921659	186.8214286	179.2514286	1653.144495	"146,705.2"
경남	2024년 2월	1.504926108	5.707635468	113.4785714	154.9821429	1677.20123	"117,365.83"
경남	2024년 3월	1.88202765	8.428801843	201.1071429	272.245	1693.52454	"198,303.12"
경남	2024년 4월	1.267528736	15.51170772	167.2142857	279.4842857	1708.694715	"188,063.39"
경남	2024년 5월	1.647449547	18.62557604	265.3357143	405.4271429	1718.70611	"259,797.01"
경남	2024년 6월	1.34952381	23.05421182	203.8	338.7971429	1735.485395	"216,889.3"
경남	2024년 7월	1.680875576	26.80921659	144.1142857	287.0471429	1777.39355	"182,168.55"
경남	2024년 8월	1.372662936	28.58362466	248.6	370.7592857	1800.10249	"236,546.39"
경남	2024년 9월	1.247993197	25.82904762	174.6857143	266.0807143	1801.03426	"186,415.54"
경남	2024년 10월	1.334254992	17.55214286	142.4142857	203.3085714	1840.07252	"161,561.85"
경남	2024년 11월	1.392298851	11.07688013	157.9	169.0878571	1873.321175	"146,695.35"
경남	2024년 12월	1.750230415	3.673271889	204.0214286	179.11	1905.51913	"163,452.03"
경북	2020년 1월	2.149078341	2.776036866	143.7714286	92.93857143	1323.898222	"91,407.15"
경북	2020년 2월	2.22955665	3.5091133	186.0571429	134.7557143	1384.8001	"127,019.43"
경북	2020년 3월	2.365207373	7.911628264	231.0928571	214.5214286	1384.8001	"174,719.33"
경북	2020년 4월	2.659761905	11.00261905	260.5857143	262.0128571	1421.443905	"194,487.96"
경북	2020년 5월	2.01843318	17.57211982	234.0714286	268.2571429	1472.687195	"186,432.54"
경북	2020년 6월	1.798809524	22.64309524	229.6714286	268.7814286	1512.462353	"181,094.86"
경북	2020년 7월	1.47235023	21.80715822	104.3142857	170.4792857	1577.042378	"124,607.41"
경북	2020년 8월	1.607142857	26.29228111	162.4928571	209.2307143	1596.661908	"150,976.3"
경북	2020년 9월	1.95547619	19.58642857	147.45	170.25	1625.566078	"141,580.2"
경북	2020년 10월	1.772427035	13.51313364	204.8714286	175.3964286	1662.798028	"171,458.15"
경북	2020년 11월	2.005151302	8.361026273	173.2142857	121.6114286	1702.615518	"134,695.05"
경북	2020년 12월	2.303686636	0.299569892	191.0714286	120.01	1768.774558	"141,472.26"
경북	2021년 1월	2.371428571	-1.167281106	182.1785714	122.8771429	1774.289971	"151,526.99"
경북	2021년 2월	2.632653061	3.365306122	196.9785714	154.3078571	1884.252616	"186,948.95"
경북	2021년 3월	2.16797235	8.532949309	193.2857143	199.7692857	1960.967726	"212,122.07"
경북	2021년 4월	2.344761905	12.53843537	224.1857143	253.7221429	2008.729456	"256,102.64"
경북	2021년 5월	1.981105991	16.17580645	197.6928571	246.6292857	2018.321556	"234,714.51"
경북	2021년 6월	1.622857143	21.15047619	186.1142857	245.0814286	2073.450636	"239,671.12"
경북	2021년 7월	1.439623656	25.28271889	211.9285714	262.675	2143.574201	"257,465.39"
경북	2021년 8월	1.463364055	24.06036866	123.15	186.59	2193.572056	"193,855.42"
경북	2021년 9월	1.651428571	20.44928571	131.95	168.055	2251.070266	"187,177.31"
경북	2021년 10월	1.546082949	14.60898618	171.1714286	159.0614286	2289.256129	"210,790.23"
경북	2021년 11월	1.986190476	8.141904762	183.9714286	129.75	2304.978969	"183,666.37"
경북	2021년 12월	2.438248848	1.998847926	186.0071429	119.1535714	2355.870844	"194,149.07"
경북	2022년 1월	2.144930876	-0.476497696	205.3357143	135.5292857	2464.890214	"228,398.82"
경북	2022년 2월	2.672959184	0.125510204	216.2857143	163.97	2510.182274	"268,103.68"
경북	2022년 3월	2.153456221	7.685023041	191.5357143	190.4557143	2583.956429	"265,550.23"
경북	2022년 4월	2.213571429	13.88309524	250.1642857	262.9357143	2607.688294	"343,123.21"
경북	2022년 5월	2.138248848	18.43289555	303.1928571	333.2592857	2646.529349	"403,137.72"
경북	2022년 6월	2.008809524	22.29761905	193.4714286	258.8342857	2715.171994	"308,233.91"
경북	2022년 7월	1.518663594	25.57880184	160.0071429	232.2064286	2719.851879	"286,130.09"
경북	2022년 8월	1.532949309	25.00069124	134.8142857	195.4207143	2798.869279	"241,589.02"
경북	2022년 9월	1.767380952	20.22357143	151.1642857	183.6757143	2831.420294	"266,446.61"
경북	2022년 10월	1.743317972	13.62517665	179.7642857	171.0771429	2844.836864	"280,949.29"
경북	2022년 11월	1.683809524	9.434285714	187.6071429	134.3185714	2855.973674	"233,145.13"
경북	2022년 12월	2.405990783	-1.02281106	180.5571429	116.6528571	2909.615999	"202,829.36"
경북	2023년 1월	2.258064516	-0.33656682	196.1	131.9557143	2954.929904	"249,889.99"
경북	2023년 2월	2.002295918	2.849744898	170.2428571	145.3378571	2994.097818	"260,803.1"
경북	2023년 3월	2.004546851	9.731336406	230.4642857	221.0028571	3026.338788	"357,925.31"
경북	2023년 4월	2.238440978	12.99113946	208.6928571	239.8778571	3028.136743	"360,262.22"
경북	2023년 5월	1.888940092	17.6875576	222.1571429	263.7942857	3059.158933	"381,720.54"
경북	2023년 6월	1.752380952	22.30595238	221.4928571	277.6542857	3088.078988	"394,881.28"
경북	2023년 7월	1.531956142	25.24311139	149.35	222.7228571	3021.236128	"312,982.08"
경북	2023년 8월	1.578801843	26.2124424	186.8357143	232.245	3052.451883	"337,139.31"
경북	2023년 9월	1.495	22.14738095	150.7642857	179.08	3079.555948	"295,268.08"
경북	2023년 10월	1.580184332	14.29746544	214.3142857	189.1371429	3115.013358	"345,086.41"
경북	2023년 11월	2.282619048	7.924761905	191.0285714	136.4135714	3160.359458	"277,847.11"
경북	2023년 12월	2.170056412	2.272881282	163.5071429	106.3392857	3210.146163	"229,391.29"
경북	2024년 1월	2.306451613	1.011105991	175.6285714	122.6071429	3259.538583	"272,286.93"
경북	2024년 2월	2.093349754	3.883743842	97.99285714	103.5535714	3306.033624	"208,232.16"
경북	2024년 3월	2.415437788	6.879723502	197.0785714	196.2535714	3337.269784	"386,609.5"
경북	2024년 4월	1.964761905	14.72595238	193.2642857	221.3757143	3382.141684	"396,113.23"
경북	2024년 5월	2.116129032	17.51474654	270.3785714	304.0507143	3388.703319	"521,202.1"
경북	2024년 6월	1.692857143	22.6908867	247.1571429	283.7885714	3432.262844	"471,339.09"
경북	2024년 7월	1.849769585	26.30631654	156.2285714	227.8864286	3507.729419	"367,355.67"
경북	2024년 8월	1.588509985	27.52189708	239.6071429	268.755	3558.466869	"465,118.86"
경북	2024년 9월	1.538877551	23.99853038	156.4928571	187.0835714	3568.959284	"358,848.01"
경북	2024년 10월	1.575824885	15.86543011	130.0357143	136.9478571	3657.704104	"294,771.59"
경북	2024년 11월	1.813205128	9.577619048	144.2428571	114.8414286	3699.877098	"281,216.53"
경북	2024년 12월	2.502304147	2.129032258	198.2785714	124.8828571	3749.258558	"317,766.41"
광주	2020년 1월	1.367741935	4.55483871	136.5	264.36	172.154528	"11,476.69"
광주	2020년 2월	1.355172414	5.310344828	177	346.78	173.713897	"15,108.76"
광주	2020년 3월	1.658064516	8.993548387	242	568.48	173.713897	"23,730.72"
광주	2020년 4월	1.75	11.48666667	278.1	686.9	177.980221	"27,580.22"
광주	2020년 5월	1.741935484	18.82580645	211.3	619.38	179.812911	"23,817.04"
광주	2020년 6월	1.59	23.55	191.4	592.22	181.149111	"21,950.58"
광주	2020년 7월	1.503225806	23.36129032	69.5	394.45	183.25195	"15,280.24"
광주	2020년 8월	2.161290323	27.60645161	169.8	501.73	184.08788	"19,285.78"
광주	2020년 9월	1.546666667	21.29	158.7	441.01	185.76738	"17,781.79"
광주	2020년 10월	1.212903226	15.6516129	227.6	477.99	186.66438	"20,902.31"
광주	2020년 11월	1.393333333	10.54	176.7	320.91	187.98838	"14,818.35"
광주	2020년 12월	1.416129032	2.658064516	186.5	299.96	190.417998	"13,455.35"
광주	2021년 1월	1.467741935	1.438709677	164.3	304.64	190.075841	"10,735.14"
광주	2021년 2월	1.525	5.142857143	175.3	356.28	191.518401	"16,070.55"
광주	2021년 3월	1.512903226	10.63548387	220.5	524.59	196.171181	"23,853.83"
광주	2021년 4월	1.446666667	14.89666667	230.4	622.29	199.029181	"27,073.72"
광주	2021년 5월	1.429032258	18.38064516	212.8	617.85	199.029181	"26,813.96"
광주	2021년 6월	1.266666667	23.29	200.6	603.21	202.165241	"26,115.24"
광주	2021년 7월	1.529032258	27.04193548	182.3	566.24	204.868761	"24,456.06"
광주	2021년 8월	1.258064516	25.82903226	141.7	466.53	210.658971	"22,480.3"
광주	2021년 9월	1.506896552	22.86	124.8	389.17	212.470291	"19,551.06"
광주	2021년 10월	1.19	17.18064516	211.5	439.7	214.111036	"22,570.49"
광주	2021년 11월	0.963333333	10.21333333	176.5	310.83	214.111036	"16,417.78"
광주	2021년 12월	1.241935484	4.058064516	174.2	288.88	217.205636	"14,562.55"
광주	2022년 1월	1.209677419	1.558064516	184.8	327.51	220.195861	"18,840.79"
광주	2022년 2월	1.453571429	1.785714286	198.6	395.79	219.083131	"21,569.48"
광주	2022년 3월	1.416129032	9.55483871	169.3	434.2	225.429691	"24,343.1"
광주	2022년 4월	1.396666667	15.45333333	256.9	647.3	228.605771	"31,715.66"
광주	2022년 5월	1.277419355	19.34516129	297.9	770.49	229.723081	"36,069.59"
광주	2022년 6월	1.94	23.82666667	166	570.73	234.961356	"26,990.43"
광주	2022년 7월	1.470967742	27.04516129	181.3	552.07	234.949256	"26,427.31"
광주	2022년 8월	1.777419355	26.86451613	129.3	454.3	237.813656	"24,029.88"
광주	2022년 9월	1.496666667	23.05333333	175.9	483.16	238.967046	"26,985.24"
광주	2022년 10월	1.138709677	16.02258065	234.3	459.57	239.339526	"28,742.21"
광주	2022년 11월	1.01	11.80333333	200.4	336.75	239.634181	"20,631.63"
광주	2022년 12월	1.222580645	1.125806452	167.5	275.78	240.978071	"12,374.35"
광주	2023년 1월	1.193548387	1.729032258	184.1	317.53	244.437716	"17,596.51"
광주	2023년 2월	1.132142857	4.203571429	184	383.37	246.834756	"23,520.9"
광주	2023년 3월	1.222580645	11.20322581	237.6	548.72	248.842936	"31,532.22"
광주	2023년 4월	1.426666667	14.66666667	196	535.21	250.470286	"29,135.16"
광주	2023년 5월	1.225806452	19.42580645	194.5	589.17	252.701296	"30,909.39"
광주	2023년 6월	1.07	23.42333333	210	624.15	253.530011	"32,029.03"
광주	2023년 7월	1.303225806	26.26774194	119.2	452.14	255.251896	"23,177.62"
광주	2023년 8월	1.022580645	27.34516129	212.9	574.76	259.523161	"31,425.89"
광주	2023년 9월	0.95	23.82	159.9	463.48	263.576131	"26,472.62"
광주	2023년 10월	0.919354839	16.61290323	231.7	483.8	265.068046	"30,095.53"
광주	2023년 11월	1.326666667	9.856666667	154	293.97	272.212766	"20,637.14"
광주	2023년 12월	1.177419355	4.767741935	125.6	231.34	274.265911	"11,072.52"
광주	2024년 1월	1.24516129	3.035483871	159.3	294.22	277.384211	"18,528.84"
광주	2024년 2월	1.279310345	6.113793103	115.3	277.48	286.734396	"18,614.31"
광주	2024년 3월	1.522580645	8.225806452	195	472.09	289.688131	"32,352.51"
광주	2024년 4월	1.186666667	16.61333333	180.8	501.88	295.259931	"32,540.77"
광주	2024년 5월	1.409677419	19.20322581	271.3	707.88	295.259931	"44,142.28"
광주	2024년 6월	1.266666667	23.75333333	219.2	629.59	297.833936	"36,778.05"
광주	2024년 7월	1.91	26.87741935	130.5	451.46	306.264541	"29,939.4"
광주	2024년 8월	1.258064516	28.45483871	247	626.66	311.731716	"40,162.03"
광주	2024년 9월	1.086666667	26.27666667	187.1	479.05	311.731716	"32,986.54"
광주	2024년 10월	1.161290323	17.69354839	156.1	387.53	322.864386	"27,585.95"
광주	2024년 11월	1.273333333	11.47666667	167.7	312.84	329.910666	"24,610.59"
광주	2024년 12월	1.187096774	3.774193548	158.4	273.77	340.616036	"21,923.76"
대구	2020년 1월	2.125806452	3.764516129	151.4	266.64	74.048003	"9,420.49"
대구	2020년 2월	2.444827586	4.906896552	205.4	375.31	74.369603	"13,163.48"
대구	2020년 3월	2.538709677	9.464516129	246.1	540.59	74.369603	"18,256.22"
대구	2020년 4월	2.853333333	12.57333333	273.7	647.86	73.842905	"20,798.6"
대구	2020년 5월	2.474193548	19.43225806	241.7	661.45	75.846493	"19,879.73"
대구	2020년 6월	2.16	24.49666667	226.4	632.61	77.224303	"19,057.65"
대구	2020년 7월	2.225806452	23.1516129	96.7	421.05	77.602583	"13,165.74"
대구	2020년 8월	1.851612903	28.55483871	193.5	534.44	77.998033	"16,679.79"
대구	2020년 9월	2.003333333	21.20666667	150.1	409.03	78.755873	"14,503.87"
대구	2020년 10월	1.996774194	15.41290323	223	442.4	79.661153	"17,917.71"
대구	2020년 11월	2.166666667	9.73	198.5	320.68	80.418882	"14,275.34"
대구	2020년 12월	2.496774194	1.551612903	214.3	304.57	81.231248	"14,696.93"
대구	2021년 1월	2.522580645	0.467741935	203.1	315.94	82.12656	"15,669.84"
대구	2021년 2월	2.682142857	4.825	207.8	372.05	83.91735	"17,926.57"
대구	2021년 3월	2.419354839	10.23870968	204	489.34	85.34694	"21,210.48"
대구	2021년 4월	2.913333333	14.51666667	247	616.96	88.97508	"25,636"
대구	2021년 5월	2.451612903	18.29354839	209.9	598.19	92.16324	"23,816.1"
대구	2021년 6월	2.256666667	23.19333333	185.4	594.91	96.5162	"23,778.58"
대구	2021년 7월	2.129032258	26.94193548	216.1	608.97	98.98404	"25,428.32"
대구	2021년 8월	1.632258065	25.70645161	130.7	453.3	99.43878	"19,889.83"
대구	2021년 9월	2.033333333	22.07666667	128.4	402.76	106.39651	"18,522.19"
대구	2021년 10월	1.541935484	16.50322581	217.6	425.96	100.90828	"22,404.12"
대구	2021년 11월	1.973333333	9.496666667	208.6	320.4	100.90828	"19,138.16"
대구	2021년 12월	2.509677419	3.064516129	222.1	308.9	103.53784	"20,152.38"
대구	2022년 1월	2.258064516	0.919354839	231.4	350.35	106.04907	"22,470.82"
대구	2022년 2월	3.053571429	1.603571429	240.4	416.9	106.87186	"25,515.19"
대구	2022년 3월	2.441935484	9.719354839	206.4	479.66	107.729405	"25,419.04"
대구	2022년 4월	2.213333333	15.9	253.3	614.53	107.840525	"31,409.86"
대구	2022년 5월	2.464516129	20.69354839	313.3	774.85	111.55692	"36,898.98"
대구	2022년 6월	2.363333333	24.30333333	205.9	603.39	115.94522	"28,556.36"
대구	2022년 7월	2.258064516	27.49032258	180.5	569.6	115.94522	"27,061.51"
대구	2022년 8월	1.725806452	26.92580645	139.1	449.78	119.54522	"22,467.71"
대구	2022년 9월	2.296666667	21.88666667	168.4	453.26	124.44349	"24,698.26"
대구	2022년 10월	2.061290323	15.5483871	233.8	457.38	125.73511	"27,552.63"
대구	2022년 11월	1.663333333	11.04666667	209.3	330.4	129.35832	"22,149.93"
대구	2022년 12월	2.44516129	0.396774194	209.5	298.9	132.38996	"20,450.18"
대구	2023년 1월	2.351612903	0.893548387	218.2	328.9	136.39718	"23,451.51"
대구	2023년 2월	2.2	4.432142857	183.4	352.59	138.58805	"24,021.02"
대구	2023년 3월	2.129032258	11.7516129	241.1	516.58	139.727635	"32,707.26"
대구	2023년 4월	2.636666667	14.84333333	224.8	560.34	140.0364	"33,621.53"
대구	2023년 5월	2.058064516	19.28064516	217.2	596.25	141.656905	"34,241.43"
대구	2023년 6월	2.173333333	24.03333333	219.6	635.54	144.89496	"35,745.38"
대구	2023년 7월	1.625806452	26.69677419	138.4	485.69	251.78378	"28,949.92"
대구	2023년 8월	2.119354839	27.46129032	189.4	534.68	254.20963	"31,789.4"
대구	2023년 9월	1.856666667	23.47	155.1	409.2	257.059045	"26,995.55"
대구	2023년 10월	1.65483871	15.89677419	235.6	457.45	259.50094	"32,094.46"
대구	2023년 11월	2.556666667	9.193333333	211.3	335.24	263.657345	"26,700.1"
대구	2023년 12월	2.325806452	3.461290323	189.8	264.12	271.95375	"22,168.66"
대구	2024년 1월	2.480645161	2.332258065	209.2	311.95	279.26682	"26,388.79"
대구	2024년 2월	2.279310345	5.403448276	110.2	258.08	287.045106	"20,886.93"
대구	2024년 3월	2.612903226	8.525806452	211.3	469.72	292.830991	"37,830.33"
대구	2024년 4월	2.176666667	16.25333333	184.8	511.52	297.318186	"38,198.19"
대구	2024년 5월	2.370967742	19.38387097	281.2	723.92	297.318186	"51,838.29"
대구	2024년 6월	1.946666667	24.6	233.7	644.38	307.348426	"46,929.07"
대구	2024년 7월	1.977419355	27.81290323	151.8	515.32	317.984736	"39,016.59"
대구	2024년 8월	2.251612903	29.06774194	250.3	634.38	325.483896	"47,726.8"
대구	2024년 9월	1.893333333	25.44	163.9	454.92	325.483896	"37,680.19"
대구	2024년 10월	1.693548387	17.02580645	148.1	347.7	340.394371	"32,024.58"
대구	2024년 11월	1.916666667	10.65	172.8	292.79	350.122821	"30,638.51"
대구	2024년 12월	2.835483871	3.467741935	222	304.49	362.228226	"34,311.68"
대전	2020년 1월	1.248387097	2.706451613	148	266	30.569756	"1,935.88"
대전	2020년 2월	1.337931034	3.579310345	184.7	360.98	30.627756	"2,549.62"
대전	2020년 3월	1.622580645	8.496774194	258	570.79	30.627756	"3,742.51"
대전	2020년 4월	1.986666667	11.53333333	301.3	711.35	30.132596	"4,341.06"
대전	2020년 5월	1.635483871	18.82258065	239.9	677.69	30.309596	"3,965.82"
대전	2020년 6월	1.416666667	24.11	209.7	609.37	31.405316	"3,656.54"
대전	2020년 7월	1.361290323	23.63548387	95.9	428.51	31.516316	"2,603.14"
대전	2020년 8월	1.470967742	27.54516129	176.8	498.2	31.534316	"2,957.35"
대전	2020년 9월	1.436666667	21.18333333	196.3	481.31	31.996316	"3,104.32"
대전	2020년 10월	1.264516129	14.21612903	224.1	404.05	32.056316	"3,230.64"
대전	2020년 11월	1.343333333	8.623333333	173.3	259.68	32.261316	"2,340.41"
대전	2020년 12월	1.261290323	0.493548387	186.5	255.33	32.764316	"2,264.14"
대전	2021년 1월	1.358064516	-0.983870968	175.5	263.22	32.76433	"2,145.22"
대전	2021년 2월	1.75	3.985714286	205.4	346.85	33.07233	"3,001.15"
대전	2021년 3월	1.535483871	9.612903226	208.5	449.53	33.79033	"3,706.24"
대전	2021년 4월	1.92	14.65333333	228.7	553.13	33.79033	"4,351.98"
대전	2021년 5월	1.6	17.68387097	203.1	526.04	33.77233	"3,962.23"
대전	2021년 6월	1.45	23.5	217.7	565.42	34.88581	"4,239.97"
대전	2021년 7월	1.596774194	27.83870968	232.1	590.14	35.50081	"4,499.87"
대전	2021년 8월	1.280645161	25.76774194	152.7	421.52	37.00693	"3,462.21"
대전	2021년 9월	1.793333333	22.44333333	167.5	401.14	40.29545	"3,514.94"
대전	2021년 10월	1.15483871	15.71290323	211	383.07	39.536435	"3,667.56"
대전	2021년 11월	1.24	8.906666667	180	263.73	39.536435	"2,734.68"
대전	2021년 12월	1.470967742	1.887096774	172.1	241.28	39.85942	"2,587.77"
대전	2022년 1월	1.764516129	-0.851612903	208.1	318.31	40.5587	"3,444.37"
대전	2022년 2월	2.203571429	0.092857143	207.4	384.48	40.6108	"3,997.29"
대전	2022년 3월	1.941935484	8.348387097	172.9	419.36	41.98109	"4,144.4"
대전	2022년 4월	1.923333333	14.85666667	250.3	614.78	42.19036	"5,671.97"
대전	2022년 5월	2.109677419	19.36129032	310.9	770.32	42.51657	"6,661.99"
대전	2022년 6월	2.376666667	24.05666667	177.7	566.31	41.21144	"4,682.61"
대전	2022년 7월	1.880645161	26.96774194	162.2	542.22	41.49052	"4,608.52"
대전	2022년 8월	1.925806452	25.7	115.7	424.22	41.902195	"3,830.69"
대전	2022년 9월	2.173333333	21.83666667	184.7	495.28	42.95812	"4,747.5"
대전	2022년 10월	1.661290323	14.28387097	215.6	442.24	42.95812	"4,577.59"
대전	2022년 11월	1.506666667	9.51	183.9	309.14	43.232085	"3,647.33"
대전	2022년 12월	1.616129032	-1.983870968	153.5	246.74	44.83494	"2,538.7"
대전	2023년 1월	1.664516129	-0.867741935	192.5	301.68	45.321895	"3,513.09"
대전	2023년 2월	1.478571429	2.353571429	177.3	349.63	46.226535	"3,940.12"
대전	2023년 3월	1.616129032	10.18064516	253.4	530.89	46.805195	"5,626.49"
대전	2023년 4월	1.976666667	13.72333333	202.5	528.21	45.037125	"5,323.66"
대전	2023년 5월	1.3	18.99032258	226.3	618.41	46.605625	"5,956.38"
대전	2023년 6월	1.566666667	23.64666667	229.5	649.34	46.791665	"6,017.75"
대전	2023년 7월	1.203225806	25.83225806	147.9	473.98	46.921165	"4,430.2"
대전	2023년 8월	1.277419355	26.97419355	186.4	542.41	47.227475	"5,148.17"
대전	2023년 9월	1.3	22.82666667	157.5	443.12	47.644285	"4,496.11"
대전	2023년 10월	1.348387097	15.00645161	227.8	445.48	47.95992	"5,009.09"
대전	2023년 11월	1.84	7.593333333	167.7	293.28	48.69016	"3,590.26"
대전	2023년 12월	1.635483871	2.232258065	141.1	233.54	51.23479	"2,736.82"
대전	2024년 1월	1.677419355	0.280645161	144.4	258.56	53.10184	"3,424.95"
대전	2024년 2월	1.865517241	4.272413793	103.4	257.65	54.532025	"3,311.56"
대전	2024년 3월	2.193548387	7.203225806	212.2	475.82	54.847925	"5,955.18"
대전	2024년 4월	1.866666667	16.1	211.3	540.2	55.116985	"6,305.81"
대전	2024년 5월	1.941935484	18.45806452	283.5	720.64	55.116985	"8,111.47"
대전	2024년 6월	1.77	23.98333333	270.2	697.02	55.674865	"7,715.98"
대전	2024년 7월	1.906451613	26.60322581	124.1	460.51	57.420345	"5,329.12"
대전	2024년 8월	1.667741935	28.69677419	241	612.88	57.59019	"7,072.83"
대전	2024년 9월	1.723333333	25.77	195.6	485.82	57.59019	"6,104.58"
대전	2024년 10월	1.477419355	16.26129032	147	340.01	59.153555	"4,686.77"
대전	2024년 11월	1.496666667	9.68	181.2	308.4	60.727595	"4,654.41"
대전	2024년 12월	1.587096774	1.819354839	167.3	265.25	62.08183	"4,277.13"
부산	2020년 1월	2.987096774	6.412903226	184.8	283.59	96.833901	"7,064.22"
부산	2020년 2월	3.065517241	7.137931034	207.7	373.12	98.261901	"10,006.01"
부산	2020년 3월	3.556666667	10.44193548	243	534.87	98.261901	"12,938.59"
부산	2020년 4월	3.743333333	12.62	262.4	649.75	100.301346	"14,458.51"
부산	2020년 5월	3.090322581	17.87741935	215.1	645.68	101.782346	"13,783"
부산	2020년 6월	2.956666667	22.43333333	231.2	660.4	106.281846	"13,830.07"
부산	2020년 7월	2.677419355	22.11935484	86.9	393.46	107.947566	"8,866.08"
부산	2020년 8월	3.961290323	27.21935484	206	582.67	108.109566	"12,315.81"
부산	2020년 9월	3.54	21.93666667	159.6	437.36	109.451866	"10,543.36"
부산	2020년 10월	2.75483871	17.28064516	219.8	462.44	110.059866	"12,088.13"
부산	2020년 11월	2.786666667	12.4	197.3	339.04	110.141866	"9,758.08"
부산	2020년 12월	2.903225806	4.341935484	227.6	330.87	111.038086	"10,253.93"
부산	2021년 1월	3.18	3.274193548	201.5	318.28	112.24793	"10,180.04"
부산	2021년 2월	3.728571429	7.196428571	204.8	393.23	112.47993	"11,687.18"
부산	2021년 3월	3.341935484	11.36774194	215.3	515.26	117.49095	"14,465.87"
부산	2021년 4월	3.413333333	14.73333333	242.8	646.07	125.833855	"18,000"
부산	2021년 5월	3.503225806	17.74193548	190.8	585.96	125.833855	"16,325.32"
부산	2021년 6월	2.623333333	21.85666667	208	630.93	129.922855	"16,162.96"
부산	2021년 7월	3.196774194	26.33548387	193.8	603.76	131.240675	"15,854.89"
부산	2021년 8월	2.987096774	26.19677419	154.4	500.44	131.240675	"13,345.26"
부산	2021년 9월	2.979310345	22.92333333	95.2	367.94	133.269675	"11,193.58"
부산	2021년 10월	2.606451613	18.67419355	215.9	453.21	139.016475	"14,637.56"
부산	2021년 11월	2.996666667	12.45666667	221	359.73	140.628075	"12,594.99"
부산	2021년 12월	2.974193548	5.95483871	231.1	339.36	140.182075	"12,618.74"
부산	2022년 1월	2.832258065	3.967741935	233.8	369	144.40059	"13,772.6"
부산	2022년 2월	3.292857143	3.585714286	242.8	446.81	145.92459	"16,084.09"
부산	2022년 3월	3.432258065	10.51290323	190.1	479	145.3614	"16,137.15"
부산	2022년 4월	3.29	14.87	233.6	611.32	146.30865	"19,419.71"
부산	2022년 5월	3.193548387	18.98387097	293.6	796.12	146.688465	"23,706.08"
부산	2022년 6월	4.296666667	21.67666667	174.2	554.45	148.88161	"16,731.15"
부산	2022년 7월	2.629032258	26.16129032	193.8	622.11	150.019565	"17,819.67"
부산	2022년 8월	3.65483871	26.40322581	163.6	524.39	156.55816	"16,357.65"
부산	2022년 9월	3.02	22.89	135.1	435.03	158.780055	"15,119.52"
부산	2022년 10월	3.135483871	17.58064516	210.3	459.77	164.048565	"18,085.75"
부산	2022년 11월	2.657142857	14.39333333	195.6	331.73	162.485215	"14,508.68"
부산	2022년 12월	3.322580645	3.25483871	224.7	332.4	167.052675	"14,769.25"
부산	2023년 1월	2.434024578	2.763671275	188	345.84	171.85947	"16,552.78"
부산	2023년 2월	2.307142857	5.958928571	176	434.66	175.387735	"16,014.02"
부산	2023년 3월	2.65	11.71451613	211.6	509.795	181.692115	"21,194.52"
부산	2023년 4월	3.273333333	14.565	213.55	564.635	184.54379	"23,182.39"
부산	2023년 5월	2.688709677	17.92741935	192.05	561.115	185.77039	"22,866.53"
부산	2023년 6월	2.576666667	22.68333333	195.95	610.36	187.97084	"23,670.28"
부산	2023년 7월	2.696774194	25.8016129	138	502.92	192.434315	"19,069.66"
부산	2023년 8월	2.779032258	27.87741935	207.6	584.41	193.881945	"22,588.61"
부산	2023년 9월	2.441666667	24.37833333	148.25	426.145	195.15662	"18,078.85"
부산	2023년 10월	2.19516129	17.33870968	232.2	476.54	197.17868	"22,562.89"
부산	2023년 11월	2.585	10.95166667	179.6	298.625	202.72453	"18,428.64"
부산	2023년 12월	2.462903226	5.50483871	143.3	224.755	206.79887	"15,680.79"
부산	2024년 1월	2.503225806	4.064516129	200.45	320.21	209.027635	"18,499.02"
부산	2024년 2월	3.146551724	7.228817734	97.55	254.54	211.576685	"14,587.13"
부산	2024년 3월	3.119354839	9.333870968	207.3	499.12	213.436765	"25,260.62"
부산	2024년 4월	2.483333333	15.86833333	178.7	517.62	213.87085	"24,536.82"
부산	2024년 5월	2.94516129	18.63709677	262	736.035	216.405445	"33,522.25"
부산	2024년 6월	2.47	22.905	187.8	587.67	224.940395	"27,259.18"
부산	2024년 7월	3.448387097	26.51935484	153.85	531.73	231.001485	"24,544.23"
부산	2024년 8월	2.782258065	29.22580645	254.6	673.875	233.34897	"31,325.6"
부산	2024년 9월	2.595	26.60333333	182.65	492.95	233.44417	"25,718.5"
부산	2024년 10월	2.638709677	19.2983871	133.7	351.635	239.939005	"20,290.26"
부산	2024년 11월	2.458333333	12.95166667	173.15	313.525	249.22708	"19,656.33"
부산	2024년 12월	2.438709677	4.943548387	234.5	338.575	254.310375	"22,746.67"
서울	2020년 1월	2.090322581	1.625806452	177.9	252.58	38.391642	"2,861.8"
서울	2020년 2월	2.303448276	2.534482759	185	313.44	38.575642	"3,241.55"
서울	2020년 3월	2.529032258	7.735483871	262.9	515.18	38.575642	"4,817.79"
서울	2020년 4월	3	11.12333333	283.3	637.52	37.541661	"5,475.45"
서울	2020년 5월	2.361290323	18.00645161	177.9	564.83	37.958661	"4,566"
서울	2020년 6월	2.316666667	23.88666667	206.1	603.98	39.332661	"4,762.18"
서울	2020년 7월	2.380645161	24.14516129	119.4	464.55	39.544661	"3,727.8"
서울	2020년 8월	2.312903226	26.51935484	74.7	325.97	39.717661	"2,967.93"
서울	2020년 9월	2.466666667	21.39333333	174.3	452.05	40.371661	"4,259.77"
서울	2020년 10월	2.125806452	14.29032258	227.1	428.25	40.356661	"4,418.97"
서울	2020년 11월	2.246666667	8.026666667	171.5	281.51	40.455661	"3,075.62"
서울	2020년 12월	2.241935484	-0.351612903	203.6	276.39	40.877661	"3,524.17"
서울	2021년 1월	2.496774194	-2.370967742	176.4	270.25	39.5179	"3,034.95"
서울	2021년 2월	2.585714286	2.732142857	181	348.55	39.9159	"3,980.64"
서울	2021년 3월	2.383870968	9.016129032	213	476.94	40.94662	"4,907.55"
서울	2021년 4월	2.626666667	14.19666667	208.6	558.28	41.02462	"5,397.13"
서울	2021년 5월	2.403225806	17.06774194	203.7	570.5	40.5198	"5,047.46"
서울	2021년 6월	2.173333333	22.81666667	185.5	563.35	40.6238	"4,988.7"
서울	2021년 7월	2.025806452	28.11935484	195.2	578.3	40.7768	"5,118.98"
서울	2021년 8월	2.103225806	25.85806452	127.3	428.88	40.863925	"4,072.12"
서울	2021년 9월	2.346666667	22.59666667	182	474.13	43.041255	"4,614.26"
서울	2021년 10월	2.148387097	15.57419355	168.4	353.62	41.854405	"3,995.58"
서울	2021년 11월	2.126666667	8.18	163.6	271.64	41.854405	"3,253.8"
서울	2021년 12월	2.332258065	0.583870968	185.4	257.25	41.890405	"3,243.29"
서울	2022년 1월	2.209677419	-2.196774194	206.9	301.7	43.091105	"3,795.32"
서울	2022년 2월	2.589285714	-1.125	203.8	376.05	43.151105	"4,584.52"
서울	2022년 3월	2.509677419	7.65483871	173	425.4	44.626325	"4,763.75"
서울	2022년 4월	2.65	14.75333333	246.4	615.24	46.370785	"6,387.37"
서울	2022년 5월	2.616129032	19.12258065	302.3	764.61	45.588565	"7,167.28"
서울	2022년 6월	2.54	23.30333333	131.9	440.59	45.603455	"4,398.08"
서울	2022년 7월	2.109677419	27.32903226	140.1	508.79	45.603455	"4,794.04"
서울	2022년 8월	2.293548387	25.74193548	116.3	402.81	45.614375	"4,029.27"
서울	2022년 9월	2.363333333	22.35333333	203.9	496.22	45.570695	"5,045.46"
서울	2022년 10월	2.151612903	14.56451613	216	420.22	45.570695	"4,713"
서울	2022년 11월	2.11	10.03	187.5	298.77	45.987865	"3,758.25"
서울	2022년 12월	2.296774194	-2.816129032	197.1	275.5	46.6198	"3,265.41"
서울	2023년 1월	2.396774194	-1.522580645	190.9	290.78	46.831825	"3,690.21"
서울	2023년 2월	2.278571429	2.3	198.2	363.91	46.838085	"4,506.49"
서울	2023년 3월	2.348387097	9.780645161	239.8	520.57	46.838085	"5,692.65"
서울	2023년 4월	2.51	13.8	182.3	498.03	46.57942	"5,151.06"
서울	2023년 5월	2.348387097	19.52258065	235.6	648.18	46.38942	"6,246.18"
서울	2023년 6월	2.193333333	23.38333333	195.1	572.17	46.778455	"5,669.51"
서울	2023년 7월	2.129032258	26.70645161	146.1	478.8	46.049455	"4,635.28"
서울	2023년 8월	2.161290323	27.18709677	156.1	469.76	46.18236	"4,702.84"
서울	2023년 9월	2.033333333	23.66333333	157.1	425.79	46.12968	"4,551.33"
서울	2023년 10월	1.887096774	15.79354839	208.7	416.57	46.626405	"4,952.23"
서울	2023년 11월	2.553333333	6.796666667	171.9	284.12	46.067495	"3,708.8"
서울	2023년 12월	2.427586207	1.116129032	142.2	217.32	45.869495	"2,786.44"
서울	2024년 1월	2.332258065	-0.487096774	177.4	279.71	45.808565	"3,509.14"
서울	2024년 2월	2.544827586	3.820689655	109.3	259.99	45.880295	"3,197.74"
서울	2024년 3월	2.746428571	6.970967742	190.6	438.18	45.880295	"5,378.98"
서울	2024년 4월	2.376666667	16.34333333	209.2	558.15	45.880295	"5,670.49"
서울	2024년 5월	2.435483871	18.49354839	262	686.87	45.880295	"6,656.14"
서울	2024년 6월	2.223333333	24.59333333	285.6	714.52	45.788565	"6,722.21"
서울	2024년 7월	2.525806452	26.59677419	96.3	402.43	46.726815	"4,180.46"
서울	2024년 8월	2.074193548	29.33225806	179	507.93	46.726815	"5,454.31"
서울	2024년 9월	2.296666667	25.48333333	166.9	439.21	46.726815	"4,772.03"
서울	2024년 10월	2.032258065	16.65483871	166.4	367.11	46.731315	"4,343.28"
서울	2024년 11월	2	9.676666667	182.9	293.01	47.562725	"3,688.94"
서울	2024년 12월	2.167741935	0.848387097	206.3	288.48	47.660195	"3,799.51"
세종	2020년 1월	1.125806452	2.14516129	138.6	0	41.046155	"2,861.43"
세종	2020년 2월	1.320689655	2.868965517	171	0	41.144705	"3,598.02"
세종	2020년 3월	1.635483871	7.780645161	224.6	0	41.144705	"5,351.69"
세종	2020년 4월	1.853333333	10.82	279.6	0	40.680405	"6,814.82"
세종	2020년 5월	1.45483871	18.15483871	213.7	0	44.654155	"6,062.98"
세종	2020년 6월	1.283333333	23.18333333	208.3	0	47.251255	"5,698.88"
세종	2020년 7월	1.303225806	23.20322581	86.3	0	47.571255	"4,197.97"
세종	2020년 8월	1.409677419	26.80967742	152.8	0	47.655255	"4,263.72"
세종	2020년 9월	1.486666667	20.54	171.7	0	47.848255	"5,884.43"
세종	2020년 10월	1.15483871	13.43870968	204.5	0	48.792255	"5,120.89"
세종	2020년 11월	1.236666667	8.046666667	157.2	0	48.859255	"3,997.73"
세종	2020년 12월	1.312903226	-0.074193548	167.7	0	49.083255	"3,419.62"
세종	2021년 1월	1.303225806	-1.506666667	166.4	0	46.92626	"3,098.09"
세종	2021년 2월	1.653571429	3.239285714	186	0	47.03226	"4,435.98"
세종	2021년 3월	1.448387097	8.806451613	192	0	47.18326	"5,640.61"
세종	2021년 4월	1.706666667	13.85	212.5	0	47.28326	"6,609.69"
세종	2021년 5월	1.438709677	16.77419355	198.6	0	47.28326	"6,267.45"
세종	2021년 6월	1.27	22.56333333	211.5	0	48.52626	"6,477.4"
세종	2021년 7월	1.316129032	26.93225806	228.5	0	48.96926	"6,801.4"
세종	2021년 8월	1.229032258	25.08387097	148.1	0	51.20196	"5,120.37"
세종	2021년 9월	1.56	21.84	148.7	0	55.92957	"5,557.56"
세종	2021년 10월	1.080645161	15.03225806	170.4	0	54.84027	"5,397.9"
세종	2021년 11월	1.056666667	8.19	162	0	55.7157	"4,018.18"
세종	2021년 12월	1.251612903	1.232258065	154.3	0	56.1017	"3,710.69"
세종	2022년 1월	1.080645161	-1.435483871	196.6	0	55.8513	"4,722.75"
세종	2022년 2월	1.510714286	-0.457142857	204.9	0	55.779075	"5,332.55"
세종	2022년 3월	1.4	7.722580645	165.6	0	56.376435	"5,664.08"
세종	2022년 4월	1.443333333	14.22333333	241.9	0	56.335765	"7,703.02"
세종	2022년 5월	1.480645161	18.37419355	301.1	0	57.207885	"8,863.52"
세종	2022년 6월	1.636666667	23.32333333	182.5	0	57.30692	"6,241.16"
세종	2022년 7월	1.209677419	26.41612903	184.3	0	56.48492	"6,475.39"
세종	2022년 8월	1.267741935	25.3	134.2	0	57.7742	"5,319.53"
세종	2022년 9월	1.496666667	21.78571429	170.9	0	57.7942	"6,198.01"
세종	2022년 10월	1.119354839	13.91935484	200.9	0	59.74769	"6,275.99"
세종	2022년 11월	0.986666667	9.39	171	0	61.195275	"4,671.81"
세종	2022년 12월	1.109677419	-2.393548387	153.5	0	62.44285	"3,146.8"
세종	2023년 1월	1.264516129	-1.187096774	179.6	130.23	62.652485	"4,724.81"
세종	2023년 2월	1.35	2	157.2	322.51	64.197415	"5,795.22"
세종	2023년 3월	1.593548387	9.616129032	233	515.47	66.893685	"8,065.31"
세종	2023년 4월	1.75	13.28	188.1	513.1	67.178055	"7,332.54"
세종	2023년 5월	1.441935484	18.4516129	209.3	604.17	67.307385	"8,818.34"
세종	2023년 6월	1.533333333	23.06666667	219	636.17	68.456035	"8,632.85"
세종	2023년 7월	1.319354839	25.62258065	139.3	471.66	68.47567	"6,392.34"
세종	2023년 8월	1.45483871	26.73548387	176.3	539.98	68.86361	"7,375.6"
세종	2023년 9월	1.246666667	22.65666667	140.6	426.61	69.06329	"6,362.25"
세종	2023년 10월	1.232258065	14.80967742	198.4	428.58	69.58884	"6,977.6"
세종	2023년 11월	1.64	7.573333333	158.4	285.43	69.75544	"5,175.17"
세종	2023년 12월	1.412903226	2.280645161	115.5	213.06	69.80185	"3,398.66"
세종	2024년 1월	1.34516129	0.119354839	130.2	257.04	70.013655	"4,406.63"
세종	2024년 2월	1.5	4.044827586	95.4	250.71	70.23408	"4,207.11"
세종	2024년 3월	1.812903226	6.958064516	188.1	462.96	70.691745	"7,830.16"
세종	2024년 4월	1.496666667	15.76	192.2	521.87	70.951155	"8,121.04"
세종	2024년 5월	1.522580645	17.92258065	265.5	704.92	70.951155	"10,396.46"
세종	2024년 6월	1.346666667	23.25666667	262.6	679.58	71.339835	"9,851.38"
세종	2024년 7월	1.480645161	26.22580645	120.7	474.31	72.90063	"6,777.32"
세종	2024년 8월	1.3	28.11612903	222.2	607.05	78.35227	"9,451.5"
세종	2024년 9월	1.39	25.23333333	178.5	480.1	78.35227	"8,017.39"
세종	2024년 10월	1.119354839	15.69032258	120.5	314.76	81.51636	"6,429.65"
세종	2024년 11월	1.19	9.486666667	165.3	292.93	81.64259	"6,184.08"
세종	2024년 12월	1.338709677	1.293548387	152.3	261.6	82.90724	"5,645.54"
울산	2020년 1월	2.464516129	5.235483871	153.6	0	43.115212	"3,118.17"
울산	2020년 2월	2.193103448	6.020689655	210.7	0	46.661972	"4,800.26"
울산	2020년 3월	2.287096774	9.638709677	238	0	46.661972	"6,077.77"
울산	2020년 4월	2.49	12.25666667	277.4	0	45.548972	"7,422.82"
울산	2020년 5월	1.906451613	18.13548387	245.5	0	49.595732	"7,035.7"
울산	2020년 6월	1.676666667	22.73	257.2	0	49.721732	"6,853.78"
울산	2020년 7월	1.516129032	22.13548387	111.4	0	51.717502	"4,437.75"
울산	2020년 8월	2.170967742	27.60322581	230.2	0	53.413502	"6,505.63"
울산	2020년 9월	2.456666667	21.14	166.2	0	54.501052	"4,914.71"
울산	2020년 10월	2.164516129	15.90967742	230.7	0	54.685052	"6,351.65"
울산	2020년 11월	2.13	10.99333333	190.7	0	56.104052	"5,098.37"
울산	2020년 12월	2.387096774	3.390322581	236	0	57.797052	"5,726.34"
울산	2021년 1월	2.5	2.077419355	211.5	0	57.894455	"5,691.22"
울산	2021년 2월	2.492857143	6.532142857	208.7	0	58.935785	"6,663.84"
울산	2021년 3월	2.358064516	10.49354839	204.5	0	64.626585	"7,711.13"
울산	2021년 4월	2.31	13.82333333	241.5	0	65.437585	"9,333.92"
울산	2021년 5월	1.896774194	17.75806452	219	0	66.450785	"8,745.09"
울산	2021년 6월	1.613333333	21.66333333	212.7	0	67.418785	"8,291"
울산	2021년 7월	1.680645161	25.9483871	235.8	0	68.406855	"8,204.16"
울산	2021년 8월	1.719354839	25.31290323	166.3	0	69.320945	"6,654.68"
울산	2021년 9월	2.076666667	22.13	136.9	0	72.635965	"5,791.38"
울산	2021년 10월	1.848387097	17.06129032	214.9	0	70.440595	"7,202.58"
울산	2021년 11월	1.76	11.07	220.4	0	70.440595	"6,580.49"
울산	2021년 12월	2.325806452	4.735483871	230.4	0	71.288595	"6,708.67"
울산	2022년 1월	2.251612903	2.593548387	235.2	0	72.923845	"7,539.37"
울산	2022년 2월	2.492857143	2.657142857	242.7	0	75.130845	"8,846.09"
울산	2022년 3월	2.206451613	9.870967742	211.5	0	76.680335	"8,720.28"
울산	2022년 4월	2.063333333	14.73666667	258.3	0	76.923335	"10,623.48"
울산	2022년 5월	1.84516129	19.18709677	318.2	0	77.41681	"12,971.78"
울산	2022년 6월	2.213333333	22.42333333	225.7	0	78.76887	"9,350.6"
울산	2022년 7월	1.451612903	25.97419355	183.9	0	78.76887	"8,937.5"
울산	2022년 8월	1.974193548	26.35806452	162	0	80.985565	"8,464.37"
울산	2022년 9월	2.09	21.65333333	134.7	0	81.242935	"7,483.92"
울산	2022년 10월	2.032258065	16.02258065	207.9	0	81.739575	"8,396.5"
울산	2022년 11월	1.936666667	12.72666667	210.8	0	83.493685	"7,206.13"
울산	2022년 12월	2.45483871	2.022580645	224	0	84.142975	"7,169.53"
울산	2023년 1월	2.487096774	2.596774194	223.2	163.69	82.037205	"7,486.88"
울산	2023년 2월	2.357142857	5.2	171.5	343.1	80.32527	"7,163.67"
울산	2023년 3월	2.25483871	11.43225806	231.5	514.37	84.333925	"10,157.68"
울산	2023년 4월	2.563333333	14.09	225	555.11	85.468915	"10,618"
울산	2023년 5월	2.129032258	17.76774194	200	565.3	88.74339	"10,621.83"
울산	2023년 6월	1.846666667	22.28333333	204.7	602.14	89.74754	"11,541.2"
울산	2023년 7월	1.848387097	25.79677419	166.9	533.64	91.3423	"10,128"
울산	2023년 8월	2.090322581	26.52258065	196.2	530.64	93.126315	"10,403.66"
울산	2023년 9월	1.943333333	22.90333333	142.9	397.48	93.126985	"8,384.5"
울산	2023년 10월	1.932258065	16.37741935	229.8	459.24	93.534115	"11,077.42"
울산	2023년 11월	2.346666667	10.39333333	209.2	347.51	97.775945	"9,514.81"
울산	2023년 12월	2.464516129	4.864516129	191.4	277.38	97.99209	"7,880.9"
울산	2024년 1월	2.532258065	3.416129032	197.5	309.49	101.83641	"9,154.12"
울산	2024년 2월	2.572413793	5.979310345	100.9	247.49	104.66609	"6,814.09"
울산	2024년 3월	2.690322581	8.558064516	215.1	481.87	107.52628	"13,105.6"
울산	2024년 4월	1.906666667	14.92	186.8	499	109.767155	"12,928.7"
울산	2024년 5월	2.15483871	17.88064516	273.1	711.7	110.108435	"17,621.76"
울산	2024년 6월	1.503333333	22.58666667	209	599.66	110.44766	"15,158.35"
울산	2024년 7월	2.296774194	26.92903226	193.6	564.56	117.268635	"13,884.16"
울산	2024년 8월	2.109677419	27.96129032	272	654.79	123.35559	"16,803.28"
울산	2024년 9월	1.943333333	24.67333333	167.7	453.19	123.35559	"12,288.96"
울산	2024년 10월	2.135483871	17.78064516	121.7	316.49	127.371825	"10,033.48"
울산	2024년 11월	2.136666667	11.75333333	152.6	289.55	132.20872	"9,989.48"
울산	2024년 12월	2.480645161	4.05483871	236	329.81	134.153515	"12,182.87"
인천	2020년 1월	3.1	1.764516129	184.8	177.7	76.058385	"5,738.15"
인천	2020년 2월	3.193555008	2.226436782	169.4333333	208.1833333	77.863385	"6,477.92"
인천	2020년 3월	3.791397849	6.527956989	263.3333333	368.1166667	77.863385	"10,200.25"
인천	2020년 4월	3.974444444	9.93	301.7	452.5833333	74.203466	"11,552.61"
인천	2020년 5월	2.928156113	15.48494624	172.3	365.3966667	76.711646	"9,204.02"
인천	2020년 6월	2.57	20.64111111	205.9	400.58	76.797646	"9,691.72"
인천	2020년 7월	2.503225806	22.24623656	168.5333333	364.1133333	79.999986	"8,091.62"
인천	2020년 8월	2.979426523	24.96774194	88.66666667	247.47	80.159986	"7,134.51"
인천	2020년 9월	2.824444444	20.63888889	208.4333333	317.36	80.795986	"8,735.34"
인천	2020년 10월	2.708602151	14.35053763	234.3	282.4066667	80.799946	"10,600.81"
인천	2020년 11월	3.152222222	8.191111111	167.4333333	175.53	82.201746	"6,389.69"
인천	2020년 12월	3.316129032	0.469892473	175.9333333	157.8633333	84.712246	"7,046.36"
인천	2021년 1월	3.343010753	-2.137634409	161.4	166.88	85.95955	"6,747.23"
인천	2021년 2월	3.635714286	1.847619048	186.6666667	226.6466667	86.15249	"8,403.46"
인천	2021년 3월	2.889247312	6.931182796	215.2	313.71	90.90257	"10,827.66"
인천	2021년 4월	3.157777778	12.16777778	227.4333333	383.1066667	90.96957	"12,019.95"
인천	2021년 5월	3.030107527	15.4483871	229.3333333	417.7466667	90.96957	"11,675.47"
인천	2021년 6월	2.358888889	20.36333333	194.7333333	385.9733333	92.20677	"11,307.62"
인천	2021년 7월	2.203225806	25.77849462	243.9333333	424.39	92.20677	"11,824.01"
인천	2021년 8월	2.262365591	24.54086022	171.1333333	322.1666667	91.46677	"9,216.13"
인천	2021년 9월	2.661111111	21.82333333	203.5333333	316.8733333	98.04933	"9,940.07"
인천	2021년 10월	2.743010753	15.49032258	192.9333333	249.5066667	93.13445	"8,752.92"
인천	2021년 11월	3.112222222	8.69	155.7333333	163.7066667	93.59561	"6,656.17"
인천	2021년 12월	3.501075269	1.677706093	163.2	153.07	93.63861	"6,704.51"
인천	2022년 1월	3.198924731	-1.777419355	197.8333333	197.28	93.64323	"8,216.14"
인천	2022년 2월	3.50952381	-1.063095238	200.1	239.0466667	94.81563	"9,664.45"
인천	2022년 3월	3.238709677	6.076344086	178.6	297.8633333	94.57963	"10,030.21"
인천	2022년 4월	3.161111111	11.84111111	247.3666667	417.9433333	95.59623	"13,418.38"
인천	2022년 5월	3.117204301	15.90215054	276	482.46	99.43405	"15,435.59"
인천	2022년 6월	3.01	20.77888889	127.1666667	313.5833333	100.94561	"9,520.47"
인천	2022년 7월	2.437634409	25.1516129	181.6333333	408.18	100.94561	"11,582.25"
인천	2022년 8월	2.63655914	24.2688172	157.9	332.45	101.31097	"9,750.17"
인천	2022년 9월	2.551111111	20.91333333	217.7333333	342.94	102.13842	"11,144.36"
인천	2022년 10월	2.868817204	13.68587814	223.4333333	296.01	102.13842	"10,837.73"
인천	2022년 11월	2.877777778	9.521340996	169.7666667	184.9266667	103.76337	"7,966.47"
인천	2022년 12월	3.42688172	-2.153405018	169	159.6733333	104.350055	"6,981.05"
인천	2023년 1월	3.299629218	-1.589247312	176.3333333	183.4266667	105.543675	"8,052.58"
인천	2023년 2월	3.017857143	1.285714286	204.4333333	238.5366667	105.726335	"9,992.43"
인천	2023년 3월	3.238709677	7.041935484	224.4333333	340.49	109.92809	"12,982.48"
인천	2023년 4월	3.254444444	11.66444444	186.5666667	357.02	109.95119	"11,999"
인천	2023년 5월	2.704301075	16.60322581	221.9333333	422.0466667	110.24452	"14,293.58"
인천	2023년 6월	2.42	20.72333333	215.2666667	432.0733333	114.805025	"13,720.34"
인천	2023년 7월	2.480645161	24.77311828	169.7	378.16	115.34546	"11,525.65"
인천	2023년 8월	2.170967742	25.44946237	190.9666667	371.9433333	116.436465	"11,947.1"
인천	2023년 9월	1.805555556	22.44222222	181.1333333	308.2633333	119.383255	"11,153.68"
인천	2023년 10월	2.550537634	15.71397849	217.4666667	289.6766667	121.76132	"11,921.03"
인천	2023년 11월	3.745555556	6.867777778	147.4	173.8566667	119.80094	"8,541.49"
인천	2023년 12월	3.266666667	1.1	101.9333333	129.9266667	121.505645	"6,809.84"
인천	2024년 1월	3.199892473	-0.47483871	158.6666667	170.77	124.122955	"8,981.38"
인천	2024년 2월	3.270114943	2.637931034	136.3666667	197.9566667	124.56774	"8,333.58"
인천	2024년 3월	3.441935484	5.820430108	219.7666667	341.12	125.40646	"14,608.28"
인천	2024년 4월	2.603333333	13.23555556	217.3333333	394.6466667	129.612295	"15,625.12"
인천	2024년 5월	2.786021505	15.94516129	246.0666667	452.1333333	129.612295	"18,335.9"
인천	2024년 6월	2.395555556	21.55666667	286.3	501.37	133.06832	"19,734.8"
인천	2024년 7월	3.180645161	24.63010753	103.6666667	305.4966667	137.48239	"12,375.55"
인천	2024년 8월	2.149462366	27.42258065	229.2	416.23	137.25713	"16,931.48"
인천	2024년 9월	2.198888889	23.86888889	185.9666667	316.8333333	138.05249	"13,795.25"
인천	2024년 10월	2.397849462	16.04946237	192.1333333	263.15	141.757095	"12,568.47"
인천	2024년 11월	2.917777778	9.625555556	178.8	191.7433333	145.1567	"10,402.18"
인천	2024년 12월	3.306451613	1.137634409	172.5333333	166.96	148.131085	"11,401.79"
전남	2020년 1월	2.892555831	4.670041356	131.6615385	128.8053846	2225.433737	"155,970.84"
전남	2020년 2월	2.855437666	5.130769231	173.7846154	176.54	2341.450488	"212,446.62"
전남	2020년 3월	3.120099256	8.331513648	238.8461538	271.1630769	2341.450488	"331,148.82"
전남	2020년 4월	3.136923077	10.83179487	270.2923077	336.9630769	2486.341338	"374,136.86"
전남	2020년 5월	2.652095776	17.35136476	196.8	305.4730769	2591.760657	"315,445.77"
전남	2020년 6월	2.161282051	22.11527473	196.6615385	301.1569231	2814.779357	"315,242.63"
전남	2020년 7월	2.060297767	22.69616271	77.42307692	207.3007692	2952.083646	"230,521.33"
전남	2020년 8월	2.574689826	27.18759305	176.1538462	273.4369231	2997.974775	"320,595.45"
전남	2020년 9월	2.153406593	21.26435897	163.4923077	221.71	3103.900207	"292,073.49"
전남	2020년 10월	2.346898263	15.52555831	226.8	240.9061538	3166.266067	"359,122.87"
전남	2020년 11월	2.777564103	10.85	168.1307692	151.6969231	3202.876987	"272,805.75"
전남	2020년 12월	2.660297767	2.999445823	177.4153846	139.4776923	3361.737256	"252,254.53"
전남	2021년 1월	2.709181141	1.906203474	169.3153846	144.4715385	3371.667195	"249,114.24"
전남	2021년 2월	3.182692308	5.255789581	171.9076923	177.8253846	3433.622745	"315,887.97"
전남	2021년 3월	2.650124069	9.768486352	218.1	270.0084615	3535.24836	"431,247.83"
전남	2021년 4월	2.853076923	13.69762157	233.3923077	323.9469231	3545.46578	"477,830.41"
전남	2021년 5월	2.59057072	17.4582442	218.4230769	332.0246154	3548.63278	"464,376.25"
전남	2021년 6월	2.118461538	22.22230769	215.3230769	335.7584615	3604.52337	"461,805.67"
전남	2021년 7월	2.257320099	26.27019024	193.7923077	313.5215385	3692.642	"426,952.85"
전남	2021년 8월	1.915384615	25.97522746	179.9	279.8723077	3770.13253	"408,453.19"
전남	2021년 9월	2.341794872	22.63	125.5692308	203.4315385	3818.50165	"342,752.01"
전남	2021년 10월	2.088833747	16.96228288	214.2538462	232.0238462	3899.881155	"425,318.83"
전남	2021년 11월	2.283589744	10.29615385	183.4769231	165.6338462	3968.264375	"323,326.35"
전남	2021년 12월	2.847146402	4.315880893	169.8307692	146.1992308	4046.95274	"289,346.6"
전남	2022년 1월	2.859057072	1.872274607	193.2461538	174.7061538	4150.28959	"383,808.32"
전남	2022년 2월	3.304571429	2.011538462	198.3307692	209.9769231	4143.460125	"430,568.79"
전남	2022년 3월	2.752109181	8.736476427	183.9769231	249.2938462	4256.539055	"470,361.78"
전남	2022년 4월	2.354571176	13.88607427	231.2923077	330.8569231	4280.43166	"586,416.68"
전남	2022년 5월	2.267750798	17.82134949	279.3461538	401.6207692	4320.523105	"660,057.62"
전남	2022년 6월	2.708452697	22.34437666	158.5	293.4692308	4346.81599	"481,483.19"
전남	2022년 7월	2.424565757	26.34731753	188.5230769	310.0923077	4346.78819	"505,616.63"
전남	2022년 8월	2.289330025	26.28521092	140.3153846	264.7061538	4397.45606	"448,632.81"
전남	2022년 9월	2.533333333	22.15692308	160.1307692	245.5753846	4406.61206	"458,349.21"
전남	2022년 10월	2.630521092	15.49156328	238.6461538	254.5523077	4521.634635	"561,545.83"
전남	2022년 11월	2.349487179	11.46589744	183.3230769	172.7446154	4583.653765	"404,585.24"
전남	2022년 12월	2.875186104	1.982878412	163.2076923	144.1484615	4643.891395	"310,811.68"
전남	2023년 1월	2.917369727	2.11191067	181.9769231	166.0646154	4993.04905	"405,338.23"
전남	2023년 2월	2.619855145	3.996123321	173.4615385	195.4615385	5032.11284	"495,889.88"
전남	2023년 3월	2.460545906	9.797270471	225.8307692	279.2461538	5066.265665	"650,520.7"
전남	2023년 4월	2.673333333	13.26435897	190.6923077	280.0238462	5064.2104	"589,473.59"
전남	2023년 5월	2.413647643	17.73165426	181.8923077	301.4423077	5074.9092	"607,752.62"
전남	2023년 6월	2.270118343	22.13379247	184.4461538	311.3392308	5125.3004	"618,359.26"
전남	2023년 7월	2.220239868	25.41170389	101.0846154	222.8515385	5222.23018	"455,614.82"
전남	2023년 8월	1.941439206	26.95334988	227.6384615	322.3284615	5309.2542	"662,593.07"
전남	2023년 9월	1.739230769	23.64870027	165.8153846	242.5946154	5322.872115	"547,720.3"
전남	2023년 10월	2.0382134	16.50372208	222.7307692	245.6107692	5389.986815	"626,403.14"
전남	2023년 11월	2.866419098	10.18542756	159.5692308	160.0446154	5744.31872	"434,794.17"
전남	2023년 12월	2.504218362	5.102448304	126.9769231	121.6376923	5482.419145	"288,505.13"
전남	2024년 1월	2.889836642	3.421091811	156.9153846	154.4084615	5513.48448	"432,377.35"
전남	2024년 2월	2.698777534	6.055778704	108.9461538	143.0176923	5553.679025	"380,340.59"
전남	2024년 3월	2.920595533	8.02133995	191.0615385	263.2746154	5581.8235	"643,850.39"
전남	2024년 4월	2.088682582	14.86589744	176.4769231	343.1615385	5618.556475	"633,387.19"
전남	2024년 5월	2.557568238	17.90617039	264.6153846	491.1646154	5631.45376	"847,199.2"
전남	2024년 6월	2.125128205	22.32512821	190.5153846	397.1761538	5654.65842	"686,137.04"
전남	2024년 7월	2.758064516	26.42034739	127.9923077	346.31	5715.07609	"573,196.59"
전남	2024년 8월	1.929280397	28.41889279	270.2461538	463.2353846	5738.44864	"783,924.5"
전남	2024년 9월	1.968717949	26.04629531	206.0384615	350.8923077	5947.62079	"672,220.52"
전남	2024년 10월	2.26426799	17.86172043	147.0307692	251.2907692	5975.067905	"531,883.41"
전남	2024년 11월	2.762051282	11.80942801	154.0076923	207.0623077	5990.180575	"482,133.97"
전남	2024년 12월	2.9808933	4.309668557	166.0769231	193.9484615	6019.388215	"452,606.45"
전북	2020년 1월	1.53320356	2.579321468	116.19	88.399	1921.717818	"132,998.8"
전북	2020년 2월	1.68	3.353189655	178.21	129.821	2012.021404	"189,324.4"
전북	2020년 3월	2.059677419	7.271935484	233.15	202.118	2012.021404	"282,049.64"
전북	2020년 4월	2.233	9.760517241	271.85	250.264	2058.828544	"323,330.82"
전북	2020년 5월	1.936129032	17.63258065	207.01	227.012	2143.854612	"284,745.34"
전북	2020년 6월	1.661	22.51533333	176.59	209.734	2215.014417	"268,676.87"
전북	2020년 7월	1.45	22.82529032	77.61	141.402	2301.736016	"202,845.64"
전북	2020년 8월	1.899170507	26.91290323	153.69	184.806	2355.462873	"252,658.04"
전북	2020년 9월	1.673769231	20.268	156.07	159.041	2415.957177	"253,927.93"
전북	2020년 10월	1.417419355	13.67580645	218.87	164.873	2476.58125	"285,964.59"
전북	2020년 11월	1.630666667	8.548862069	164.66	104.617	2530.349796	"209,260.63"
전북	2020년 12월	1.55516129	0.629462366	156.34	107.245	2636.416453	"196,137.08"
전북	2021년 1월	1.691612903	-0.65516129	154.27	111.21	2642.562365	"184,965.7"
전북	2021년 2월	2.026428571	3.454021164	176.11	134.815	2764.616845	"267,540.09"
전북	2021년 3월	1.770322581	8.544193548	201.65	193.818	2845.98492	"348,533.56"
전북	2021년 4월	2.04	13.25466667	225	238.416	2889.91387	"405,735.81"
전북	2021년 5월	2.041268076	16.81440489	199.7	236.014	2890.75081	"374,277.53"
전북	2021년 6월	1.568	22.16566667	201.62	243.335	2948.375235	"390,947.74"
전북	2021년 7월	1.47	26.20554839	196	234.482	3025.405075	"384,979.36"
전북	2021년 8월	1.406451613	25.09120968	158.17	197.261	3081.761305	"335,586.94"
전북	2021년 9월	1.626666667	21.876	142.57	166.476	3117.622545	"309,093.01"
전북	2021년 10월	1.362258065	15.18560215	210.32	169.043	3247.3061	"347,652.73"
전북	2021년 11월	1.497	8.301333333	156.17	112.021	3283.80626	"256,921.76"
전북	2021년 12월	1.713225806	2.188709677	149.36	100.944	3426.108665	"246,116.53"
전북	2022년 1월	1.457741935	-0.791935484	181.51	124.985	3499.74767	"331,811.66"
전북	2022년 2월	1.947142857	-0.266785714	193.38	152.536	3511.957625	"375,634.28"
전북	2022년 3월	1.896129032	7.468709677	171.83	172.213	3677.148165	"404,969.61"
전북	2022년 4월	1.762333333	13.357	249.93	249.664	3695.191795	"546,970.84"
전북	2022년 5월	1.779976959	17.53935484	283.39	302.2	3723.24464	"619,502.05"
전북	2022년 6월	2.064666667	22.83266667	174.5	225.325	3797.457855	"458,693.78"
전북	2022년 7월	1.687741935	26.0716129	169.76	217.245	3800.438435	"447,850.7"
전북	2022년 8월	1.788709677	25.62935484	128.02	184.982	3865.656245	"391,145.58"
전북	2022년 9월	1.726552335	21.41266667	168.32	187.882	3886.02234	"442,637.27"
전북	2022년 10월	1.571043011	13.81693548	226.24	186.06	3891.7433	"482,057.64"
전북	2022년 11월	1.461333333	9.519666667	183.67	125.868	3920.90479	"350,787.24"
전북	2022년 12월	1.595483871	-1.223225806	147.58	101.337	3957.407895	"229,390.88"
전북	2023년 1월	1.686451613	-0.347419355	174.66	119.974	3997.474665	"357,197.21"
전북	2023년 2월	1.481071429	1.915	175.4	143.193	4034.708695	"405,668.02"
전북	2023년 3월	1.813870968	8.88483871	238.6	212.065	4052.227715	"549,045.15"
전북	2023년 4월	2.001	12.98666667	187.25	203.451	4059.729285	"492,378.44"
전북	2023년 5월	1.756451613	18.18451613	196.43	228.88	4078.191675	"533,045.02"
전북	2023년 6월	1.722037037	22.40027331	207.18	240.782	4106.99842	"546,764.87"
전북	2023년 7월	1.71375	25.81129032	127.4	157.285	4124.935045	"414,992.85"
전북	2023년 8월	1.509419355	26.67193548	203.09	230.072	4148.702515	"514,688.12"
전북	2023년 9월	1.255810345	22.75233333	154.39	178.781	4180.077985	"430,508.15"
전북	2023년 10월	1.328387097	14.80129032	217.19	179.603	4196.318615	"492,913.2"
전북	2023년 11월	1.987666667	8.221666667	147.57	113.284	4233.98205	"341,249.49"
전북	2023년 12월	1.623225806	3.117741935	111	82.418	4260.253685	"200,740.21"
전북	2024년 1월	1.637419355	1.333870968	142.21	108.788	4294.086097	"323,572.65"
전북	2024년 2월	1.713448276	4.694482759	110.44	103.559	4317.871462	"310,102.84"
전북	2024년 3월	2.087419355	6.756129032	190.84	189.752	4344.454117	"522,660.16"
전북	2024년 4월	1.567333333	14.927	184.07	255.4	4362.543742	"522,821.51"
전북	2024년 5월	1.991749656	17.5698482	252.81	313.519	4369.220332	"669,689.46"
전북	2024년 6월	1.696666667	22.63566667	215.4	301.752	4382.958067	"591,563.44"
전북	2024년 7월	2.166451613	26.74483871	123.27	235.259	4429.080777	"453,668.4"
전북	2024년 8월	1.516709677	28.07806452	235.99	309.388	4449.049982	"598,878.97"
전북	2024년 9월	1.343	25.48833333	192.33	244.06	4449.644407	"504,779.37"
전북	2024년 10월	1.353225806	16.2183871	149.94	178.034	4483.367277	"404,102.36"
전북	2024년 11월	1.645	9.652	157.05	145.629	4495.076517	"366,825.24"
전북	2024년 12월	1.62942158	2.025483871	133.52	122.7	4511.897537	"310,952.43"
제주	2020년 1월	4.011290323	8.721774194	94.625	84.9975	289.680953	"17,171.55"
제주	2020년 2월	3.904310345	9.009482759	153.875	145.4525	297.166923	"26,152.46"
제주	2020년 3월	3.849193548	11.3233871	212	227.6225	297.166923	"37,222.56"
제주	2020년 4월	3.873333333	12.99083333	270.025	307.3225	299.818313	"46,547.36"
제주	2020년 5월	3.063709677	18.27096774	201.725	285.5125	314.928093	"40,184.04"
제주	2020년 6월	2.769166667	22.0225	159.375	238.6	328.530003	"33,822.99"
제주	2020년 7월	3.02155914	23.575	121.775	219.355	333.372298	"29,185.78"
제주	2020년 8월	3.473945409	28.09354839	220.65	289.835	346.443128	"38,024.64"
제주	2020년 9월	3.228333333	22.465	159.8	190.4475	355.131248	"30,309.32"
제주	2020년 10월	3.380645161	18.15806452	215.025	204.3225	374.531363	"41,527.3"
제주	2020년 11월	3.525	14.19583333	157.9	135.225	390.533733	"30,279.73"
제주	2020년 12월	3.802419355	7.612096774	147.025	103.72	405.349515	"27,936.38"
제주	2021년 1월	4.583064516	6.684677419	135.9	109.2275	412.283505	"28,458"
제주	2021년 2월	4.483928571	9.295535714	160.65	154.9525	426.260605	"39,122.75"
제주	2021년 3월	3.62016129	12.50725806	192.15	225.905	453.737845	"50,554.02"
제주	2021년 4월	3.685833333	15.36416667	230.2	284.5875	464.2224	"62,277.15"
제주	2021년 5월	3.398387097	18.57741935	234.45	307.12	466.13453	"63,260.39"
제주	2021년 6월	2.674166667	22.73916667	197.75	293.585	438.173085	"55,369.73"
제주	2021년 7월	3.308064516	26.91854839	168.775	256.205	482.337035	"48,310.31"
제주	2021년 8월	2.916129032	26.66451613	186.4	241.0375	496.796195	"48,475.88"
제주	2021년 9월	3.451666667	24.475	154.55	187.46	498.706625	"42,312.4"
제주	2021년 10월	3.190322581	19.97419355	222.875	204.595	511.881065	"55,073.58"
제주	2021년 11월	4.191666667	13.80333333	183.825	139.5175	517.120215	"45,120.61"
제주	2021년 12월	4.546774194	8.808064516	147.025	94.685	525.366445	"35,182.56"
제주	2022년 1월	4.056451613	6.325806452	139.125	110.8125	530.960005	"41,042.95"
제주	2022년 2월	4.410714286	5.394642857	137.775	135.865	530.657325	"46,261.11"
제주	2022년 3월	3.766935484	11.47016129	171.225	204.1775	540.191495	"58,581.86"
제주	2022년 4월	3.159166667	15.4175	229.05	296.08	545.121465	"71,878.79"
제주	2022년 5월	2.959677419	18.87096774	250.05	326.0725	550.3542	"75,469.9"
제주	2022년 6월	3.418333333	22.635	158.875	281.7625	556.13181	"56,670.01"
제주	2022년 7월	3.223387097	27.2983871	213.2	304.0725	556.08148	"63,424.22"
제주	2022년 8월	3.499193548	28.1016129	225	284.5725	559.20379	"64,862.51"
제주	2022년 9월	3.874166667	24.00583333	144.725	193.125	557.73696	"49,443.71"
제주	2022년 10월	3.964516129	18.34919355	204.6	211.215	570.693525	"61,304.45"
제주	2022년 11월	3.5225	15.44	180.85	142.52	569.071615	"46,999.94"
제주	2022년 12월	4.719354839	6.795967742	101	79.19	580.34976	"29,970.42"
제주	2023년 1월	4.2243604	6.709677419	125.575	98.9	573.48429	"36,945.81"
제주	2023년 2월	3.704503106	7.983035714	137.225	142.705	569.373245	"46,890.2"
제주	2023년 3월	3.312903226	12.39516129	203.9	239.8475	577.604955	"64,839.46"
제주	2023년 4월	4.1525	15.225	201.85	258.6375	558.897295	"65,217.46"
제주	2023년 5월	3.25	18.46290323	166.35	262.04	564.74887	"60,312.35"
제주	2023년 6월	2.966666667	22.32166667	153.4	257.7875	550.47061	"58,834.26"
제주	2023년 7월	3.274193548	26.61532258	97.075	232.07	551.82789	"47,042.76"
제주	2023년 8월	3.279032258	27.94919355	248.1	316.0175	555.27467	"67,168.06"
제주	2023년 9월	2.853981481	25.39666667	196.525	252.0125	551.672955	"59,303.45"
제주	2023년 10월	3.140322581	19.19758065	232.325	240.115	558.751215	"68,017.06"
제주	2023년 11월	4.33212963	13.70916667	152.35	132.4075	560.065195	"45,396.43"
제주	2023년 12월	4.332849462	9.40483871	91.275	83.99	559.053835	"28,634.9"
제주	2024년 1월	4.192741935	7.80483871	117.45	103.9075	558.726205	"38,746.98"
제주	2024년 2월	4.034482759	9.677586207	78.875	91.7775	560.440545	"32,141.8"
제주	2024년 3월	4.016129032	10.67741935	169.3	208.3825	562.118745	"61,512.53"
제주	2024년 4월	2.834166667	16.17583333	148.55	308.1325	561.585705	"56,961.42"
제주	2024년 5월	3.362903226	18.6483871	248.75	509.0525	562.58508	"80,395.16"
제주	2024년 6월	2.774741379	22.2525	138.525	349.4825	564.163455	"53,142.13"
제주	2024년 7월	3.773387097	27.35403226	148.475	368.11	563.150995	"55,219.85"
제주	2024년 8월	2.933094179	29.30725806	265.5	487.3025	562.141755	"70,264.31"
제주	2024년 9월	3.183333333	27.38916667	187.325	381.365	560.158725	"58,100.05"
제주	2024년 10월	3.57983871	20.93951613	118.325	257.8125	562.181525	"45,580.24"
제주	2024년 11월	4.2375	15.08916667	137.875	213.455	563.355885	"43,078.92"
제주	2024년 12월	4.739516129	8.37016129	121.65	177.655	564.98847	"39,542.47"
충남	2020년 1월	1.209139785	1.885483871	143.3666667	82.25666667	1436.121328	"108,290.35"
충남	2020년 2월	1.333333333	2.596551724	178.9833333	110.6533333	1516.355354	"143,599.94"
충남	2020년 3월	1.756451613	6.930645161	242.2666667	177.65	1516.355354	"219,252.47"
충남	2020년 4월	1.958888889	9.961666667	284.8	221.0383333	1567.726268	"254,072.36"
충남	2020년 5월	1.574193548	17.37419355	200.9333333	196.9033333	1621.434632	"216,061.34"
충남	2020년 6월	1.442126437	22.40222222	186.8166667	195.525	1705.011428	"211,775.94"
충남	2020년 7월	1.312903226	23.00125448	95.23333333	145.0433333	1752.769296	"166,758.45"
충남	2020년 8월	1.787096774	26.50483871	122.2333333	136.62	1781.036415	"171,521.72"
충남	2020년 9월	1.471111111	20.31722222	170.5833333	148.8066667	1808.282015	"196,133.95"
충남	2020년 10월	1.085483871	13.10806452	209.7	140.5783333	1846.477916	"211,474.72"
충남	2020년 11월	1.230555556	7.835555556	167.0833333	88.32333333	1881.377599	"150,831.55"
충남	2020년 12월	1.259139785	0.002688172	170.2166667	81.62166667	1949.928855	"144,197.19"
충남	2021년 1월	1.387634409	-1.753225806	173.1333333	85.14833333	1950.73305	"136,665.32"
충남	2021년 2월	1.836904762	2.816666667	190.2833333	114.4266667	2041.30032	"199,237.16"
충남	2021년 3월	1.455376344	7.997849462	203.6666667	155.28	2089.23604	"256,824.24"
충남	2021년 4월	1.715555556	13.09333333	214.6	185.2883333	2107.78142	"287,655.89"
충남	2021년 5월	1.655376344	16.32634409	194.8833333	188.3116667	2109.64481	"270,329.31"
충남	2021년 6월	1.407777778	22.01277778	200.55	196.7383333	2131.19821	"281,286.79"
충남	2021년 7월	1.320430108	26.43172043	220.9333333	207.8266667	2195.09635	"292,880.13"
충남	2021년 8월	1.272580645	24.92150538	145	151.65	2226.93736	"231,995.11"
충남	2021년 9월	1.461111111	21.65777778	169.4333333	146.7633333	2264.59209	"238,789.21"
충남	2021년 10월	1.092473118	14.84623656	194.4166667	129.6216667	2259.98713	"240,817.09"
충남	2021년 11월	1.171666667	7.967298851	163.65	88.99	2267.04685	"178,021.79"
충남	2021년 12월	1.36344086	1.455	159.7666667	76.95	2305.299015	"162,089.95"
충남	2022년 1월	1.141935484	-1.787634409	204.5	102.475	2338.706115	"220,301.32"
충남	2022년 2월	1.632142857	-0.757142857	204.3333333	120.465	2368.11638	"253,646.54"
충남	2022년 3월	1.579032258	6.902150538	173.1	140.4966667	2391.419895	"266,131.05"
충남	2022년 4월	1.61	12.94166667	248.9666667	206.675	2405.809175	"359,175.05"
충남	2022년 5월	1.751075269	17.36505376	312.2666667	259.3516667	2421.795015	"416,126.48"
충남	2022년 6월	2.022222222	22.65611111	164.7666667	168.185	2462.825745	"284,721.44"
충남	2022년 7월	1.346774194	26.12258065	179.4	190.3716667	2478.981805	"301,498.24"
충남	2022년 8월	1.609139785	25.10376344	122.3833333	144.365	2514.44434	"242,517.64"
충남	2022년 9월	1.443333333	21.09666667	179	159.1916667	2538.397985	"289,796.93"
충남	2022년 10월	1.140294284	13.5097145	191.8333333	138.6383333	2540.00011	"294,243.02"
충남	2022년 11월	1.103888889	8.941666667	185.05	96.62166667	2554.55136	"219,234.05"
충남	2022년 12월	1.259086022	-2.200537634	154.1833333	77.29833333	2570.619355	"150,434.92"
충남	2023년 1월	1.33562724	-1.232258065	191.75	93.84166667	2625.100995	"221,947.58"
충남	2023년 2월	1.261904762	1.48452381	188.1166667	119.4883333	2652.605401	"269,002.74"
충남	2023년 3월	1.57311828	8.42311828	246.1	171.9833333	2682.138386	"361,349.78"
충남	2023년 4월	1.775	12.86	196.35	175.8183333	2677.639931	"328,677.05"
충남	2023년 5월	1.485483871	18.03978495	215.1666667	199.4383333	2692.434656	"366,976.72"
충남	2023년 6월	1.504444444	22.48944444	222.5	203.3483333	2721.347026	"367,773.58"
충남	2023년 7월	1.533870968	25.67096774	150.0666667	161.4816667	2741.088461	"280,381.99"
충남	2023년 8월	1.277956989	26.56397849	202.3333333	181.5366667	3064.925961	"336,211.5"
충남	2023년 9월	1.126111111	22.56277778	157.95	139.9383333	3075.359301	"284,710.65"
충남	2023년 10월	1.094086022	14.57688172	212.5333333	140.6833333	3091.649466	"319,154.63"
충남	2023년 11월	1.713888889	7.543333333	146.9333333	86.165	3113.147431	"219,586.39"
충남	2023년 12월	1.447311828	2.179569892	102.3333333	62.27	3139.212251	"129,866.89"
충남	2024년 1월	1.408064516	0.224086022	148.4166667	83.96833333	3207.492261	"224,566.03"
충남	2024년 2월	1.527011494	3.712643678	102.0333333	82.32833333	3238.802858	"222,833.51"
충남	2024년 3월	1.879569892	6.487634409	200.8166667	221.795	3250.758958	"401,582.01"
충남	2024년 4월	1.367222222	14.76055556	200.3333333	262.7716667	3268.395368	"410,377.71"
충남	2024년 5월	1.617741935	17.23924731	268.4166667	339.2133333	3271.072738	"502,656.46"
충남	2024년 6월	1.446666667	22.705	269.3	348.6933333	3338.030733	"503,155.19"
충남	2024년 7월	1.966666667	26.26344086	125.4666667	230.565	3381.974633	"345,937.42"
충남	2024년 8월	1.240860215	28.19301075	235.9833333	294.9916667	3397.815373	"449,963.51"
충남	2024년 9월	1.152777778	25.16388889	187.8	232.695	3408.619303	"377,525.71"
충남	2024년 10월	1.107526882	15.76774194	150.9333333	173.32	3455.094973	"310,423.55"
충남	2024년 11월	1.259444444	9.239444444	174.25	145.8233333	3628.196648	"295,235.25"
충남	2024년 12월	1.322580645	1.402688172	152.4166667	118.405	3658.706573	"254,995.6"
충북	2020년 1월	1.481290323	1.021935484	138.74	95.76	589.043453	"42,688.83"
충북	2020년 2월	1.636551724	2.026206897	179.86	135.57	615.036524	"56,922.82"
충북	2020년 3월	1.884516129	7.004516129	235.04	212.318	615.036524	"84,254.51"
충북	2020년 4월	2.287333333	10.152	267.16	260.51	625.703318	"97,513.98"
충북	2020년 5월	1.781290323	17.6283871	213.66	257.458	656.815486	"89,796.02"
충북	2020년 6월	1.534	22.98066667	198.26	246.63	684.301384	"90,847.48"
충북	2020년 7월	1.443870968	22.64967742	98.98	169.5	698.822295	"67,367.37"
충북	2020년 8월	1.243225806	25.89870968	126.38	196.442	712.666966	"65,870.49"
충북	2020년 9월	1.505333333	19.30428571	157.6	180.326	726.184151	"74,492.8"
충북	2020년 10월	1.281290323	12.11870968	216.28	175.81	738.701798	"82,802.54"
충북	2020년 11월	1.508666667	6.873333333	172.38	116.034	758.350946	"63,000.68"
충북	2020년 12월	1.515483871	-1.753182796	179.98	107.172	783.789324	"55,559.16"
충북	2021년 1월	1.649677419	-3.027741935	177.6	114.258	794.316726	"61,316.35"
충북	2021년 2월	1.998571429	2.063571429	196	143.824	830.450291	"84,643.68"
충북	2021년 3월	1.683225806	8.02516129	204.48	186.016	857.050941	"100,554.36"
충북	2021년 4월	1.97	12.97533333	219.34	234.36	869.646006	"118,854.3"
충북	2021년 5월	1.653548387	16.04645161	184.5	224.434	872.866356	"108,564.65"
충북	2021년 6월	1.371333333	21.838	193.18	242	883.254481	"115,896.28"
충북	2021년 7월	1.302580645	26.02451613	216.26	255.826	915.848261	"124,219.38"
충북	2021년 8월	1.254193548	24.14387097	130.16	178.058	929.748396	"91,887.32"
충북	2021년 9월	1.473333333	20.656	156.92	170.626	961.610256	"95,643.74"
충북	2021년 10월	1.117419355	13.78468817	185.8	162.88	953.807551	"94,269.66"
충북	2021년 11월	1.452666667	6.8	164.88	131.228	970.665866	"71,667.53"
충북	2021년 12월	1.693548387	0.087741935	173.34	153.36	989.725381	"72,959.2"
충북	2022년 1월	1.510035842	-2.741827957	183.2833333	168.015	1008.500441	"91,980.42"
충북	2022년 2월	2.099404762	-1.567857143	216.9166667	262.015	1021.831221	"107,971.26"
충북	2022년 3월	1.658064516	6.832795699	178.8166667	286.485	1041.778091	"110,582.19"
충북	2022년 4월	1.691666667	13.385	254.3333333	420.61	1048.312541	"150,606.52"
충북	2022년 5월	1.789247312	17.80591398	306.8	525.9383333	1061.523311	"175,775.77"
충북	2022년 6월	1.72	22.63888889	173.5166667	381.17	1087.464791	"127,620.56"
충북	2022년 7월	1.429569892	25.81290323	166.0166667	377.6416667	1092.244761	"126,545.64"
충북	2022년 8월	1.359677419	24.65684588	118.6833333	290.4233333	1121.753651	"101,305.69"
충북	2022년 9월	1.513888889	20.32777778	186.8166667	333.89	1122.734546	"127,547.6"
충북	2022년 10월	1.280107527	12.79354839	201.3166667	282.2016667	1124.521196	"119,034.42"
충북	2022년 11월	1.168333333	7.868333333	193.7166667	200.8533333	1136.737685	"91,359.16"
충북	2022년 12월	1.473655914	-3.84734767	162.4333333	164.0416667	1139.52565	"56,836.77"
충북	2023년 1월	1.539247312	-2.517204301	189.5666667	199.9583333	1155.14243	"92,987.71"
충북	2023년 2월	1.495238095	1.235714286	181.6833333	232.1733333	1168.257884	"109,695.12"
충북	2023년 3월	1.542473118	8.774731183	245.25	353.0433333	1188.855819	"152,983.22"
충북	2023년 4월	1.861666667	12.83277778	193.9666667	353.5716667	1206.505854	"145,665.61"
충북	2023년 5월	1.517741935	18.10860215	228.3	427.6466667	1219.750974	"166,521.27"
충북	2023년 6월	1.528888889	22.67222222	213.6	439.0566667	1233.058644	"166,349.36"
충북	2023년 7월	1.215591398	25.41989247	141.9333333	336.0583333	1243.366004	"128,502.06"
충북	2023년 8월	1.398924731	26.20215054	175.7833333	363.5166667	1254.166299	"143,679.02"
충북	2023년 9월	1.221111111	21.96666667	158.55	302.96	1268.278814	"126,539.89"
충북	2023년 10월	1.129569892	13.38763441	205.5333333	293.185	1277.670204	"134,667.11"
충북	2023년 11월	1.783333333	6.343888889	177.3833333	195.955	1286.115179	"104,753.26"
충북	2023년 12월	1.566129032	0.761236559	130.75	145.9933333	1316.270914	"70,397.62"
충북	2024년 1월	1.661827957	-0.785483871	151.7666667	171.2866667	1334.749889	"93,311.68"
충북	2024년 2월	1.60862069	3.107471264	97.4	160.7466667	1347.653444	"84,465.76"
충북	2024년 3월	1.995698925	6.217204301	198.3333333	307.71	1357.520634	"158,144.86"
충북	2024년 4월	1.587222222	15.13055556	198.9666667	352.35	1367.170599	"167,929.92"
충북	2024년 5월	1.665879416	17.42150538	271.3166667	476.78	1368.856004	"213,800.89"
충북	2024년 6월	1.435	22.78055556	257.3666667	466.19	1388.739024	"200,994.19"
충북	2024년 7월	1.579569892	25.87795699	117.6833333	324.22	1425.833564	"140,387.94"
충북	2024년 8월	1.332795699	27.48055556	213.35	416.8333333	1443.172564	"188,196.82"
충북	2024년 9월	1.323519431	24.10619732	171.2666667	305.68	1444.977564	"153,076.85"
충북	2024년 10월	1.234946237	14.91989247	139.0666667	218.7866667	1474.039784	"123,453.24"
충북	2024년 11월	1.343333333	8.531111111	169.3	193.7383333	1491.642804	"112,820.64"
충북	2024년 12월	1.684946237	0.190860215	178.7333333	179.085	1512.489724	"111,032.81"
